coin,symbol,price,1h,24h,7d,24h_volume,mkt_cap,date
Bitcoin,BTC,8.773500853710614,0.45726961442222736,0.10604501021881138,0.13732610458249933,12.723457643211463,20.180439266715474,2022-03-16
Ethereum,ETH,0.45572658004217936,0.5318187364061038,0.17376665503570732,0.18104258643753793,7.053619907835295,8.504978967334875,2022-03-16
Tether,USDT,-0.1429625236091268,-0.40004528839235004,-0.4187977371121317,-0.10311454562021288,20.89513855112647,2.004530483490125,2022-03-16
BNB,BNB,-0.05950555804095834,0.3081713704544748,0.07218418781036176,-0.08562795287819745,0.40119822976856817,1.5857551189089787,2022-03-16
USD Coin,USDC,-0.1429625511058652,-0.40004528839235004,-0.4018673259079077,-0.10311454562021288,1.2988351305742698,1.2748121569796669,2022-03-16
XRP,XRP,-0.14300943871874627,0.34544593144641295,-0.08018951302765227,0.28596214288963046,1.3180212499260717,0.8883888576550106,2022-03-16
Terra,LUNA,-0.12364715603221446,0.5318187364061038,-0.48651938192902755,0.0979812709129646,0.8599645776430928,0.7677953014140054,2022-03-16
Solana,SOL,-0.12449824555373697,0.5318187364061038,-0.1648415690487738,0.07612302998544487,0.5390517963679493,0.6254954073905188,2022-03-16
Cardano,ADA,-0.14300089661691526,0.23362224847059854,-0.13098074664032416,0.01929160357389472,0.23984827629899413,0.5938267789742367,2022-03-16
Polkadot,DOT,-0.13913262076227548,0.7927406633496709,0.1906970662399313,0.31219203200265366,0.17151496370196997,0.431890525588174,2022-03-16
Avalanche,AVAX,-0.12709952429644172,0.9045643463254854,0.13990583262725934,-0.05502641557967044,0.20944418926580446,0.41580262544130236,2022-03-16
Binance USD,BUSD,-0.1429625236091268,-0.43731984938428825,-0.36800650349945974,-0.09437124924920516,1.3594467116107776,0.37402206688493644,2022-03-16
Dogecoin,DOGE,-0.14315551143155325,0.19634768747866033,-0.012467868210756397,-0.15120267566075535,0.059017906758491605,0.30398001845265815,2022-03-16
TerraUSD,UST,-0.1429625236091268,-0.40004528839235004,-0.3510760922952358,-0.09874289743470901,0.16426915535278183,0.29643644561888466,2022-03-16
Shiba Inu,SHIB,-0.1431807467992986,0.5318187364061038,0.07218418781036176,-0.1949191575157939,0.09327354726098573,0.2217533866260883,2022-03-16
Wrapped Bitcoin,WBTC,8.76498559393374,0.38272049243835116,0.10604501021881138,0.13732610458249933,0.055830275642239344,0.19259766298209574,2022-03-16
Cronos,CRO,-0.14309311674936195,0.3081713704544748,0.3261403558737229,0.06300808542893374,-0.06879255811712483,0.16710857470809762,2022-03-16
Polygon,MATIC,-0.14286650325285247,0.7181915413657909,0.17376665503570732,-0.10311454562021288,0.13644927937475618,0.16059524996980346,2022-03-16
Dai,DAI,-0.14296264821736188,-0.36277072740041194,-0.4187977371121317,-0.10311454562021288,0.008008004115478614,0.14782179867645093,2022-03-16
Cosmos Hub,ATOM,-0.13689578291724835,0.2708968094625367,0.4615836455075147,0.049893140872422186,0.1797083198986093,0.12074958454622518,2022-03-16
Litecoin,LTC,-0.11929787034915196,0.23362224847059854,-0.1817719802529961,0.28596214288963046,0.16191648993815655,0.1019095881970555,2022-03-16
Lido Staked Ether,STETH,0.4559229853163769,0.60636785838998,0.1906970662399313,0.18978588280854566,-0.09739406687145374,0.08461379349135761,2022-03-16
Near,NEAR,-0.14086535173686235,1.1654862732690485,0.13990583262725934,0.2947054392606382,0.04111558830010958,0.0823451845443137,2022-03-16
Chainlink,LINK,-0.140036085023584,0.49454417541416557,0.6816789911624264,0.3427935693011807,0.1565541371670338,0.07737194945791866,2022-03-16
TRON,TRX,-0.14316749392619546,0.04724944351090773,-0.31721526988678783,-0.0899996010637013,0.11573256675918199,0.06270346583371199,2022-03-16
FTX Token,FTT,-0.13393442783851486,0.38272049243835116,0.0044625429934675885,0.09360962272746075,-0.07174325360942463,0.053865808748385834,2022-03-16
Bitcoin Cash,BCH,-0.0786790773642836,0.3081713704544748,-0.14791115784454817,0.0673797336144376,0.39491800051934745,0.048865986502366614,2022-03-16
LEO Token,LEO,-0.1418779300393917,-0.10184880045684858,-0.232563213865668,0.13732610458249933,-0.10446062148105806,0.047149323066851025,2022-03-16
OKB,OKB,-0.13902350672105465,0.12179856549478403,0.2584187110568271,0.21164412373606492,-0.03937246674592576,0.03128784992938396,2022-03-16
Algorand,ALGO,-0.14302122499925088,0.5690932973980419,-0.1648415690487738,-0.14683102747525148,-0.049821164902811,0.028131250966759388,2022-03-16
Stellar,XLM,-0.14313994980522243,0.2708968094625367,0.0383233654019155,0.24224566103459194,-0.011421915749036445,0.0218055564357513,2022-03-16
Uniswap,UNI,-0.14120578754547136,0.830015224341609,0.2753491222610511,0.006176659017383589,-0.0364394215463192,0.009151315232433037,2022-03-16
Hedera,HBAR,-0.14313710432925547,0.08452400450284592,-0.5203802043374738,-0.2080341020723055,-0.08099863988629662,0.004408755711017934,2022-03-16
Axie Infinity,AXS,-0.13216896265156172,0.9791134683093615,0.6478181687539785,0.28596214288963046,-8.471456668317936e-06,-0.0005688784880310779,2022-03-16
Decentraland,MANA,-0.14265045745123522,0.4199950534302893,0.6986094023666504,-0.0419114710231593,0.06969389257776082,-0.002702776068193109,2022-03-16
Ethereum Classic,ETC,-0.13730386943141426,0.6809169803738527,0.12297542142303536,-0.05939806376517429,0.00964117923910333,-0.004793066542316299,2022-03-16
Elrond,EGLD,-0.10770777689067476,0.5690932973980419,0.42772282309906684,0.8979928888601703,0.010799587442394395,-0.00538724604986794,2022-03-16
The Sandbox,SAND,-0.14250860919764813,-0.027299678472968582,1.7313644858243125,0.2990770874461421,0.25377151072826076,-0.007070876594257999,2022-03-16
Internet Computer,ICP,-0.1396323630710669,0.38272049243835116,-0.08018951302765227,-0.25612223211284796,-0.04746750558539348,-0.008090890543389436,2022-03-16
Monero,XMR,-0.10186144656206238,-0.2509470444245975,-0.21563280266144402,-0.4222448631619945,-0.013564828527345215,-0.00891107295441712,2022-03-16
cETH,CETH,-0.1314597213836263,-0.40004528839235004,-0.24949362506989198,0.07175138179994146,-0.10476168647521454,-0.014842458365174562,2022-03-16
VeChain,VET,-0.1431703099023735,0.6809169803738527,0.15683624383148334,0.01929160357389472,-0.0020012313311961096,-0.015324594972982206,2022-03-16
Fantom,FTM,-0.14291451343098963,1.2400353952529286,-0.02939827941498038,-0.4484747522750177,0.32045628439285223,-0.01794836120331446,2022-03-16
Filecoin,FIL,-0.13941195270780082,0.23362224847059854,-0.232563213865668,-0.28235212122587067,-0.008923642850402078,-0.018490367711922338,2022-03-16
Osmosis,OSMO,-0.1411315899974412,0.15907312648671848,-0.09711992423187626,-0.10748619380571675,-0.07067409149733933,-0.018807203063374592,2022-03-16
Klaytn,KLAY,-0.14294070080088264,0.23362224847059854,-0.012467868210756397,-0.1555743238462592,-0.08405285169555977,-0.018957373175518513,2022-03-16
Frax,FRAX,-0.14296287451988338,-0.43731984938428825,-0.3849369147036837,-0.10311454562021288,-0.09816716484281687,-0.02336570418900597,2022-03-16
Waves,WAVES,-0.13693506397208782,0.15907312648671848,0.9694959816342339,1.0903454090223406,0.4418802405655285,-0.023491494391414097,2022-03-16
Theta Network,THETA,-0.14256534849908295,0.830015224341609,0.15683624383148334,-0.12060113836222831,-0.06168734315372368,-0.025161126625767447,2022-03-16
Magic Internet Money,MIM,-0.1429630307711904,-0.36277072740041194,-0.33414568109101184,-0.09437124924920516,-0.08858073064182033,-0.025540858985374882,2022-03-16
The Graph,GRT,-0.14308455326117886,-0.2509470444245975,0.29227953346527336,1.2739546328135027,0.036114381453969474,-0.026926489305466025,2022-03-16
Tezos,XTZ,-0.14251515604012138,0.4199950534302893,0.021392954197691574,-0.046283119208662724,-0.06313629176154043,-0.02865468153617007,2022-03-16
cUSDC,CUSDC,-0.14317583435659725,-0.40004528839235004,-0.3849369147036837,-0.09874289743470901,-0.10476206588002551,-0.03435573657955396,2022-03-16
Helium,HNT,-0.13844083774093535,-0.43731984938428825,0.4107924118948429,0.010548307202887436,-0.09663697356234012,-0.041332985542980406,2022-03-16
THORChain,RUNE,-0.1416029626555152,1.1282117122771143,-1.400761586957122,3.2586829090322547,0.0031956590983875676,-0.04182565480731839,2022-03-16
EOS,EOS,-0.14273120184173865,0.34544593144641295,0.13990583262725934,0.10672456728397234,0.017691840790113728,-0.045664458298884575,2022-03-16
ECOMI,OMI,-0.1431800082274464,0.34544593144641295,0.05525377660613948,-1.0605054982455575,-0.1035137039753121,-0.04677477046034887,2022-03-16
IOTA,MIOTA,-0.1430252999722343,0.3081713704544748,-0.21563280266144402,-0.05065476739416658,-0.09499333853613502,-0.04678488606009417,2022-03-16
cDAI,CDAI,-0.14317597341525434,-0.40004528839235004,-0.4018673259079077,-0.10311454562021288,-0.10476204700964646,-0.047689078610780915,2022-03-16
Flow,FLOW,-0.1419957732039102,0.2708968094625367,-0.012467868210756397,-0.33481189945191736,-0.08393527067540747,-0.04818037447577285,2022-03-16
Theta Fuel,TFUEL,-0.1431452935562772,0.5318187364061038,-0.28335444747834154,0.17667093825203406,-0.09892429512424443,-0.04916318841159174,2022-03-16
Aave,AAVE,-0.11318748404078514,1.0163880293012997,1.8160165418454324,0.46082807030978484,-0.0024225960937358485,-0.04979658519740749,2022-03-16
Zcash,ZEC,-0.11067786109270591,0.38272049243835116,0.6986094023666504,0.2247590682925765,-0.004420052177080612,-0.051380529122513036,2022-03-16
Maker,MKR,0.2894738799956407,0.7181915413657909,0.8001918695919941,0.46082807030978484,-0.07110722360497278,-0.05215409865169667,2022-03-16
JUNO,JUNO,-0.13481170472993037,0.3081713704544748,1.2234521496975934,-0.23426399118532865,-0.10059677725468616,-0.05280825411283344,2022-03-16
Gala,GALA,-0.1431310434807218,0.60636785838998,0.3938620006906189,0.05863643724342988,0.09523749736606449,-0.05366994579955155,2022-03-16
BitTorrent,BTT,-0.14318075129609031,-0.10184880045684858,-0.02939827941498038,-0.0899996010637013,-0.07292376980655366,-0.054694586695965615,2022-03-16
Arweave,AR,-0.13608397445056533,-0.4745944103762264,0.850983103204666,-0.09437124924920516,-0.08640774052365244,-0.05569892774264886,2022-03-16
Huobi BTC,HBTC,8.851585043889068,0.60636785838998,0.2584187110568271,0.19415753099404953,-0.10469321032080758,-0.05570194648572166,2022-03-16
PancakeSwap,CAKE,-0.14196522127236835,0.60636785838998,-0.232563213865668,-0.4003866222344753,-0.0670239740685582,-0.05851336051989583,2022-03-16
Quant,QNT,-0.11861263417028509,0.3081713704544748,-0.3510760922952358,-0.046283119208662724,-0.0961616451702978,-0.059180421516019405,2022-03-16
Harmony,ONE,-0.1431529396136017,0.5690932973980419,-0.11405033543610019,-0.1555743238462592,-0.07752420220675237,-0.0593224176202887,2022-03-16
eCash,XEC,-0.1431807343872124,0.34544593144641295,-0.48651938192902755,0.5264027930923427,-0.09118881385015484,-0.05938768700714764,2022-03-16
Bitcoin SV,BSV,-0.12635318425449119,0.12179856549478403,-0.14791115784454817,-0.18617586114478618,-0.05574862608089186,-0.06034545039140126,2022-03-16
NEO,NEO,-0.13878782039201762,0.5318187364061038,0.07218418781036176,-0.17743256477377847,-0.05101633228552061,-0.061767509422259254,2022-03-16
TrueUSD,TUSD,-0.1429625236091268,-0.36277072740041194,-0.3849369147036837,-0.09874289743470901,-0.06312745139129983,-0.0618281984177456,2022-03-16
Huobi Token,HT,-0.14122106351124225,0.009974882518969604,-0.24949362506989198,-0.21240575025780936,-0.09312198595377806,-0.062157122997592594,2022-03-16
KuCoin Token,KCS,-0.1391631726938173,0.15907312648671848,-0.24949362506989198,-0.01568158191013571,-0.1016525158794977,-0.06220208553818282,2022-03-16
Celsius Network,CEL,-0.14248678638940399,-0.027299678472968582,0.13990583262725934,0.32530697655916524,-0.10333841678505554,-0.06336939241791521,2022-03-16
Stacks,STX,-0.14290578430769196,0.3081713704544748,0.0383233654019155,0.6968970723269932,-0.08867907590946422,-0.06412121049987478,2022-03-16
Humans.ai,HEART,-0.1431710906307096,0.5690932973980419,1.0541480376553536,-2.4944061030908236,-0.10409047605989545,-0.06434122710240349,2022-03-16
Enjin Coin,ENJ,-0.14287523237615013,0.3081713704544748,0.44465323430329085,0.0979812709129646,-0.05625519571573489,-0.06456421473477289,2022-03-16
Basic Attention Token,BAT,-0.14300123617981156,0.4199950534302893,0.5293052903244106,0.9941691489412556,0.012974434150679637,-0.06659126907907532,2022-03-16
NEXO,NEXO,-0.1427028321910212,0.19634768747866033,0.12297542142303536,0.32530697655916524,-0.10310071851650976,-0.06661812244907547,2022-03-16
Amp,AMP,-0.1431752881032556,0.3081713704544748,-0.28335444747834154,-0.0899996010637013,-0.1018315789579332,-0.06724110149518062,2022-03-16
Radix,XRD,-0.14315415863567021,0.19634768747866033,0.6816789911624264,-0.10748619380571675,-0.1046837885428067,-0.0672557984068956,2022-03-16
Kusama,KSM,-0.11550070171466685,0.5690932973980419,0.2753491222610511,0.06300808542893374,-0.0808761625718637,-0.06898454183853225,2022-03-16
Celo,CELO,-0.14263081692381546,0.45726961442222736,0.22455788864837917,-0.4353598077185061,-0.08786350472381138,-0.07051977939140304,2022-03-16
Kadena,KDA,-0.14182119073795685,0.5318187364061038,-0.24949362506989198,0.032406548130406734,-0.08349947764859175,-0.07084889755966692,2022-03-16
Chiliz,CHZ,-0.14313748993827716,0.60636785838998,0.0044625429934675885,-0.01568158191013571,-0.065104461785039,-0.07117459539410406,2022-03-16
Dash,DASH,-0.12187296172196367,0.23362224847059854,-0.31721526988678783,0.02803489994490287,-0.015793194834892166,-0.07153773769983561,2022-03-16
Frax Share,FXS,-0.13927010445421373,-0.139123361448783,-0.5881018491543712,-0.07688465650718974,-0.10300955131487409,-0.0716454504001936,2022-03-16
Pax Dollar,USDP,-0.1429627363815072,-0.43731984938428825,-0.3849369147036837,-0.10748619380571675,-0.08386929865582327,-0.07260934443501844,2022-03-16
BitDAO,BIT,-0.1429363362392338,0.5690932973980419,-0.08018951302765227,0.05426478905792601,-0.08498165457984633,-0.07264472121894346,2022-03-16
GateToken,GT,-0.14175790459404877,0.08452400450284592,0.12297542142303536,-0.12497278654773218,-0.10197270083032525,-0.07300447683209628,2022-03-16
Convex Finance,CVX,-0.1391893600637103,1.053662590293238,0.5123748791201866,0.5395177376488542,-0.08835870464717233,-0.07301650185541961,2022-03-16
Synthetix Network Token,SNX,-0.1422554646220158,1.6127810051723102,0.9356351592257859,0.26410390196211125,-0.08179951385221329,-0.07499724914023165,2022-03-16
Xido Finance,XIDO,-0.1364462330674185,-1.369183874182742,-1.2314574749148823,3.2455679644757423,-0.1042313974843502,-0.07526980200931625,2022-03-16
Loopring,LRC,-0.143025656556921,0.7554661023577327,0.1906970662399313,-0.24737893574184022,-0.06407970668425163,-0.07558472646423513,2022-03-16
NEM,XEM,-0.14315931283254116,0.4199950534302893,0.3261403558737229,0.05863643724342988,-0.09719869030320528,-0.07563939280834042,2022-03-16
Anchor Protocol,ANC,-0.14250424463599928,1.8737029321158771,1.0880088600638016,-0.8900112190109074,-0.06578685217137496,-0.0775339584753777,2022-03-16
Oasis Network,ROSE,-0.14313101991208893,0.9791134683093615,0.7832614583877703,0.014919955388391299,-0.08089541499816075,-0.07788044781099787,2022-03-16
Curve DAO Token,CRV,-0.14273993096503632,0.60636785838998,-0.02939827941498038,-0.12934443473323604,-0.05005524350932788,-0.07796422496068454,2022-03-16
Decred,DCR,-0.1307701206431106,0.38272049243835116,2.0191814762961195,0.2815904947041266,-0.09568836729178416,-0.07807035731147041,2022-03-16
cUSDT,CUSDT,-0.14317600121439686,-0.36277072740041194,-0.4018673259079077,-0.10311454562021288,-0.10475914083715702,-0.07837908425416648,2022-03-16
Secret,SCRT,-0.14217472023151237,0.2708968094625367,-0.2664240362741159,0.014919955388391299,-0.09755905074775365,-0.0786861662476774,2022-03-16
LINK,LN,-0.11492894413866966,0.9791134683093615,-0.09711992423187626,0.001805010831879726,-0.10432424837616454,-0.0787996365726653,2022-03-16
Mina Protocol,MINA,-0.14278575886234907,0.19634768747866033,1.3758258505356091,-0.12060113836222831,-0.07925816458310896,-0.078886251554945,2022-03-16
Holo,HOT,-0.1431798464889721,0.6436424193819181,0.05525377660613948,0.01929160357389472,-0.08185392694906174,-0.07945939618174551,2022-03-16
Compound,COMP,-0.1192673184176101,0.60636785838998,0.36000117828217093,0.12421116002598775,-0.08998890458694633,-0.07967653881166967,2022-03-16
IoTeX,IOTX,-0.14316402701485306,1.2027608342609906,-0.28335444747834154,0.40836829208373815,-0.071515028952614,-0.07991321811633614,2022-03-16
Bitkub Coin,KUB,-0.1414589321211037,-0.21367248343265932,-0.4018673259079077,-0.25175058392734406,-0.10396693887246308,-0.08039132690144804,2022-03-16
Neutrino USD,USDN,-0.1429625236091268,-0.2509470444245975,-0.4187977371121317,-0.0725130083216863,-0.09920919398863215,-0.08067980381186729,2022-03-16
yearn.finance,YFI,3.9994123853671413,0.2708968094625367,-0.11405033543610019,-0.16431762021726648,-0.0750844988904947,-0.08093170187528552,2022-03-16
Nexus Mutual,NXM,-0.12299247178488944,0.60636785838998,0.1906970662399313,0.18104258643753793,-0.10476138881546473,-0.08210552908118642,2022-03-16
XDC Network,XDC,-0.1431697016183513,-0.43731984938428825,-0.774336372400835,0.320935328373661,-0.10116250259182386,-0.08256470920648053,2022-03-16
1inch,1INCH,-0.14285340956790596,0.4199950534302893,1.477408317760953,0.609464108616916,-0.06109954969485127,-0.08256859625672965,2022-03-16
WAX,WAXP,-0.14312093777468013,0.4199950534302893,-0.0632591018234283,-0.10311454562021288,-0.09503429371071144,-0.08259293668600162,2022-03-16
Smooth Love Potion,SLP,-0.1431771405507988,0.34544593144641295,-0.09711992423187626,-0.4353598077185061,-0.06875352731524131,-0.08261119446726498,2022-03-16
Qtum,QTUM,-0.14188229460104052,0.7181915413657909,-0.012467868210756397,0.05426478905792601,-0.07611492235447131,-0.08265267949179773,2022-03-16
PAX Gold,PAXG,0.27926080573737055,-0.10184880045684858,-0.31721526988678783,-0.35229849219393283,-0.09361650478912055,-0.08268633575866781,2022-03-16
Sushi,SUSHI,-0.14249988007435047,0.9791134683093615,0.7663310471835463,0.25536060559110313,-0.0568419916470784,-0.08290789081044961,2022-03-16
renBTC,RENBTC,8.70710714190856,0.23362224847059854,0.17376665503570732,0.10672456728397234,-0.09938691736439804,-0.08292532076450587,2022-03-16
Livepeer,LPT,-0.13798255876780785,0.7554661023577327,-0.012467868210756397,0.001805010831879726,-0.10066906211563778,-0.08326222710525209,2022-03-16
Ankr,ANKR,-0.143164999593027,0.49454417541416557,-0.13098074664032416,-0.3829000294924599,-0.08997706837185608,-0.08332173481685393,2022-03-16
Bancor Network Token,BNT,-0.14268100938277706,0.2708968094625367,0.15683624383148334,0.16792764188102635,-0.09529521022993419,-0.08342510640217468,2022-03-16
Pocket Network,POKT,-0.14302819171255474,0.34544593144641295,-0.4526585595205796,-0.3435551958229251,-0.10440883196860427,-0.0835077558993331,2022-03-16
Marinade staked SOL,MSOL,-0.12383919674476312,0.5690932973980419,-0.1648415690487738,0.08486632635645303,-0.09799756486438019,-0.0835646755494841,2022-03-16
OMG Network,OMG,-0.1422838342727332,0.34544593144641295,-0.13098074664032416,0.2509889574055997,-0.06608982433522417,-0.08365542527523598,2022-03-16
Zilliqa,ZIL,-0.14317180256549125,0.8672897853335473,0.13990583262725934,0.10235291909846847,-0.09100066500680684,-0.08374793768138958,2022-03-16
SafeMoon,SFM,-0.14318052726815772,1.053662590293238,-0.9775013068515227,-0.48781958594455244,-0.1046145926824369,-0.08388083484073543,2022-03-16
Render Token,RNDR,-0.14265045745123522,0.5318187364061038,0.1906970662399313,-0.2386356393708325,-0.09616420568427457,-0.08403935797743403,2022-03-16
Fei USD,FEI,-0.1429625236091268,-0.3254961664084738,-0.4018673259079077,-0.0899996010637013,-0.10104525613486529,-0.08411873643531113,2022-03-16
Gnosis,GNO,-0.07796765381552376,0.4199950534302893,0.021392954197691574,-0.11622949017672446,-0.10371684799174971,-0.08422274746737136,2022-03-16
ICON,ICX,-0.14301629479041236,0.60636785838998,-0.6219626715628193,0.8149315733355974,-0.08842915430395289,-0.08431805983012337,2022-03-16
Ravencoin,RVN,-0.14316944656862202,0.6436424193819181,0.3092099446694991,-0.07688465650718974,-0.09773364742567643,-0.08461033291470747,2022-03-16
IOST,IOST,-0.14317582655427136,0.5690932973980419,-0.21563280266144402,-0.03753982283765501,-0.0919508864600186,-0.08515611174086415,2022-03-16
Bitcoin Gold,BTG,-0.13669064851975316,0.3081713704544748,0.07218418781036176,0.036778196315910595,-0.10144678198871634,-0.08516696560687097,2022-03-16
Kava,KAVA,-0.1424911509510528,0.49454417541416557,0.1906970662399313,0.04552149268691832,-0.09651438279364973,-0.08549308304946224,2022-03-16
UMA,UMA,-0.14149166633346993,0.3081713704544748,-0.09711992423187626,-0.17306091658827463,-0.08806378193602445,-0.08553179152686548,2022-03-16
OEC Token,OKT,-0.13613853147117574,0.49454417541416557,-0.232563213865668,-0.37415673312145215,-0.10289034387538235,-0.08592545486140811,2022-03-16
Songbird,SGB,-0.14316704703604513,0.45726961442222736,-0.3002848586825639,-0.702030347034241,-0.10380894566328606,-0.08597227679770016,2022-03-16
e-Radix,EXRD,-0.14315408836622767,0.45726961442222736,0.6647485799582024,-0.08562795287819745,-0.10382389226490445,-0.08604124114564948,2022-03-16
Velas,VLX,-0.1431342355028837,-0.36277072740041194,-0.33414568109101184,-0.26486552848385564,-0.1032741146816507,-0.08606819617587126,2022-03-16
Rocket Pool,RPL,-0.13662736237584508,0.5318187364061038,0.29227953346527336,0.5526326822053659,-0.10455255748933936,-0.08613396810353084,2022-03-16
Tether Gold,XAUT,0.2823901964395841,-0.2509470444245975,-0.43572814831635565,-0.29546706578238263,-0.1034246064983094,-0.08614046462568885,2022-03-16
Moonbeam,GLMR,-0.1426613688553573,0.49454417541416557,0.24148829985260314,-0.2604938802983518,-0.09123283808926146,-0.08623688764937709,2022-03-16
Sapphire,SAPP,-0.14305752985950201,0.38272049243835116,-0.3849369147036837,-0.0419114710231593,-0.10460521403880227,-0.08638689113344752,2022-03-16
Horizen,ZEN,-0.13472877805860253,0.19634768747866033,0.6308877575497545,0.010548307202887436,-0.09420428519894097,-0.0864134201639411,2022-03-16
WOO Network,WOO,-0.14307326214019334,0.34544593144641295,1.0710784488595775,0.43896982938226553,-0.0828904997787824,-0.08648752081239217,2022-03-16
Liquity USD,LUSD,-0.1429625236091268,-0.36277072740041194,-0.4018673259079077,-0.13808773110424374,-0.1035938980116563,-0.08655131143099229,2022-03-16
Golem,GLM,-0.14307920012631659,0.23362224847059854,-0.02939827941498038,-0.47470464138804086,-0.09899686887670787,-0.08655837117445063,2022-03-16
Rally,RLY,-0.14314145361493855,0.60636785838998,-0.3849369147036837,-0.35667014037943623,-0.1035453120414628,-0.08655954935460781,2022-03-16
Baby Doge Coin,BABYDOGE,-0.14318075169094346,0.60636785838998,-0.046328690619204305,-0.2736088248548634,-0.10090136351377016,-0.08686921599020891,2022-03-16
Audius,AUDIO,-0.14302029098305802,0.6436424193819181,0.0383233654019155,-0.01568158191013571,-0.10189499843796128,-0.08699433194730753,2022-03-16
Siacoin,SC,-0.14317881376148434,0.3081713704544748,-0.02939827941498038,-0.12060113836222831,-0.1003054238217276,-0.0870192158707993,2022-03-16
Metis Token,METIS,-0.1112365249837566,0.60636785838998,-0.24949362506989198,-0.3085820103388942,-0.0906600289292687,-0.08728151768085235,2022-03-16
Ontology,ONT,-0.14307169722661414,0.4199950534302893,0.08911459901458575,-0.15120267566075535,-0.09358886182240243,-0.08736587264987895,2022-03-16
0x,ZRX,-0.14306950097919247,0.5690932973980419,0.1906970662399313,0.01929160357389472,-0.09413823089783459,-0.08751908728181423,2022-03-16
APENFT,NFT,-0.14318075135907138,-0.21367248343265932,-0.31721526988678783,-0.3085820103388942,-0.07975038062325121,-0.08769184440140487,2022-03-16
SKALE,SKL,-0.14315317857335197,0.12179856549478403,0.3261403558737229,0.38651005115621884,-0.10067217612690257,-0.08805160474905702,2022-03-16
SwissBorg,CHSB,-0.14308728809550803,0.45726961442222736,0.0383233654019155,-0.33918354763742126,-0.1043766356076936,-0.08815165671387283,2022-03-16
dYdX,DYDX,-0.14216817338903912,0.7181915413657909,0.13990583262725934,-0.2604938802983518,-0.0703216257292369,-0.08833901271473964,2022-03-16
Dogelon Mars,ELON,-0.14318075153354864,1.2400353952529286,0.8171222807962181,0.01929160357389472,-0.10079295923942051,-0.0884111631966157,2022-03-16
Olympus,OHM,-0.13704417801330868,0.15907312648671848,-0.7235451387881632,-0.4790762895735447,-0.10348280237033644,-0.08849437562574392,2022-03-16
Constellation,DAG,-0.1431475557085798,0.12179856549478403,-0.6219626715628193,0.9854258525702478,-0.10439246229537308,-0.08871355508988353,2022-03-16
Synapse,SYN,-0.14270719675267005,0.08452400450284592,-1.7224393998373773,-0.10311454562021288,-0.10141663650380803,-0.08875701800411513,2022-03-16
Immutable X,IMX,-0.14283813360213504,1.2400353952529286,-0.19870239145722005,0.11109621546947619,-0.07299867607705796,-0.08916609939352836,2022-03-16
Convex CRV,CVXCRV,-0.1427552069308072,1.053662590293238,-0.046328690619204305,-0.0725130083216863,-0.10472695628926312,-0.08919176961214703,2022-03-16
Everdome,DOME,-0.1431715144444058,-0.5118689713681646,1.1218696824722496,-0.40912991860548303,-0.08853428870336136,-0.08920974747928914,2022-03-16
Gemini Dollar,GUSD,-0.1429625236091268,-0.2509470444245975,-0.3849369147036837,-0.09874289743470901,-0.10360902403773936,-0.089415719926046,2022-03-16
JUST,JST,-0.14317007244642466,0.12179856549478403,-0.31721526988678783,0.041149844501414456,-0.07759660342175077,-0.08941692648689635,2022-03-16
Decentralized Social,DESO,-0.1357675437310249,-0.17639792244072117,1.477408317760953,0.736241905996528,-0.10448355917711755,-0.08946124142688716,2022-03-16
Polymath,POLY,-0.1430967692327778,0.2708968094625367,-0.1648415690487738,-0.2604938802983518,-0.10033785144083719,-0.08971996271921964,2022-03-16
NuCypher,NU,-0.14308923272595067,-0.21367248343265932,-0.232563213865668,-0.5315360677995911,-0.10319570292832231,-0.08975585253875214,2022-03-16
REN,REN,-0.14310680401469272,0.830015224341609,-0.19870239145722005,-0.1555743238462592,-0.08988319747914555,-0.08990583516472275,2022-03-16
Keep Network,KEEP,-0.14304768078968527,0.08452400450284592,-0.08018951302765227,-0.3916433258634676,-0.10392852246344349,-0.0900064521657303,2022-03-16
Illuvium,ILV,-0.029719607068494597,0.49454417541416557,0.24148829985260314,0.041149844501414456,-0.10074858666312085,-0.09003094849154396,2022-03-16
Flux,FLUX,-0.1428686855336769,0.23362224847059854,-0.02939827941498038,0.2772188465186228,-0.0991475919515655,-0.09008931098036446,2022-03-16
Ethereum Name Service,ENS,-0.140114647133263,1.1282117122771143,0.3261403558737229,-0.03316817465215114,-0.0905226220494797,-0.09019213859801548,2022-03-16
Hive,HIVE,-0.1429910837729602,0.19634768747866033,0.29227953346527336,-0.05502641557967044,-0.1002471195700744,-0.09028502445095477,2022-03-16
Lido DAO,LDO,-0.1425304320058923,1.1654862732690485,1.03721762645113,2.1482842699142743,-0.10306736441470982,-0.09030587576464594,2022-03-16
STEPN,GMT,-0.14306419039880625,2.3582722250110733,9.299258294112425,12.727672878833612,0.26267922023910584,-0.09039560507427927,2022-03-16
Spell Token,SPELL,-0.14317997743975477,0.19634768747866033,-0.24949362506989198,-0.36104178856494057,-0.09487182793896938,-0.09043315446733927,2022-03-16
Nervos Network,CKB,-0.14317844832896548,0.15907312648671848,-0.0632591018234283,-0.16868926840277076,-0.10252835048696857,-0.0904511990646191,2022-03-16
Kyber Network Crystal,KNC,-0.14251297375929697,0.5690932973980419,-0.2664240362741159,-0.09437124924920516,-0.09015894170862425,-0.09052149128181261,2022-03-16
FLEX Coin,FLEX,-0.14231438620427503,-0.28822160541653563,-0.3002848586825639,-0.1118578419912206,0.3759491631068527,-0.09057896476317362,2022-03-16
HUSD,HUSD,-0.14296271935971674,-0.36277072740041194,-0.3849369147036837,-0.10311454562021288,-0.08909049801934499,-0.0906034868920086,2022-03-16
Ultra,UOS,-0.14292978939676057,0.009974882518969604,0.0044625429934675885,-0.26486552848385564,-0.1015083637272577,-0.09066442915690609,2022-03-16
ConstitutionDAO,PEOPLE,-0.14316752438266925,1.9109774931078154,1.325034616922937,0.2247590682925765,-0.052682446478597676,-0.09069511436763268,2022-03-16
LooksRare,LOOKS,-0.14289923746521874,2.842841517906269,2.5948154572397346,0.9067361852311785,-0.08711066504316851,-0.09070408600712981,2022-03-16
DeFi Kingdoms,JEWEL,-0.14227292286861112,1.1282117122771143,-0.13098074664032416,-0.4266165113474984,-0.10061529059717819,-0.09080976534523853,2022-03-16
Telcoin,TEL,-0.14317968247715454,-0.0645742394649067,0.05525377660613948,-0.15120267566075535,-0.1037315470238542,-0.0908382252097682,2022-03-16
Tomb,TOMB,-0.14292324255428732,0.7927406633496709,-0.232563213865668,-0.33918354763742126,-0.09963642285014078,-0.09087217990791244,2022-03-16
Stargaze,STARS,-0.1430930469163756,0.15907312648671848,-0.48651938192902755,-0.6495705688081952,-0.10413625104680894,-0.09087484243251653,2022-03-16
DigiByte,DGB,-0.14317645955323255,0.7554661023577327,-0.09711992423187626,0.15481269732451475,-0.09907367849643245,-0.09095622776574945,2022-03-16
DigitalBits,XDB,-0.14309583019733904,0.49454417541416557,3.2551014942044696,0.8105599251500935,-0.1033768901024407,-0.09096303850084603,2022-03-16
Syscoin,SYS,-0.14307854915194665,0.49454417541416557,-0.9267100732388508,-0.4266165113474984,-0.10016837035376296,-0.09098079171599513,2022-03-16
Lisk,LSK,-0.14273774868421188,0.19634768747866033,-0.3002848586825639,-0.02005323009563957,-0.10200722137238245,-0.09106038201641428,2022-03-16
Tokemak,TOKE,-0.13765521664414535,0.7554661023577327,0.884843925613114,-0.12060113836222831,-0.102542335445951,-0.09107179126549476,2022-03-16
Nano,XNO,-0.1427006499101968,-0.5864180933520409,4.474091100908595,1.260839688256991,-0.06495141235419284,-0.09108091735488101,2022-03-16
Tenset,10SET,-0.14246059901951097,0.23362224847059854,0.10604501021881138,1.7941807668884617,-0.10365310446026421,-0.09116478622234074,2022-03-16
PlayDapp,PLA,-0.14300665412841432,0.4199950534302893,0.2753491222610511,-0.15994597203176303,-0.09836757979502302,-0.09117497959938885,2022-03-16
SafeMoon [OLD],SAFEMOON,-0.14318075158107677,0.38272049243835116,0.021392954197691574,-0.0899996010637013,-0.10476081114480794,-0.09146799389614516,2022-03-16
Ronin,RON,-0.14277484745822697,0.49454417541416557,0.08911459901458575,-0.12060113836222831,-0.10394895256668144,-0.09150421939167984,2022-03-16
Persistence,XPRT,-0.14246059901951097,0.08452400450284592,0.36000117828217093,0.06300808542893374,-0.1038268243143889,-0.09157978868182172,2022-03-16
Radio Caca,RACA,-0.1431804590162805,0.6809169803738527,0.29227953346527336,0.3296786247446691,-0.0991291743021213,-0.09158410504594858,2022-03-16
Pirate Chain,ARRR,-0.14286650325285247,0.49454417541416557,0.07218418781036176,1.260839688256991,-0.10424325834764975,-0.09168301870561264,2022-03-16
MAI,MIMATIC,-0.14296272219668182,-0.28822160541653563,-0.3002848586825639,-0.09437124924920516,-0.10051984076917848,-0.09168486024173089,2022-03-16
Casper Network,CSPR,-0.14316691428132255,0.49454417541416557,1.3081042057187116,-0.02005323009563957,-0.10070713562456933,-0.09186833824050285,2022-03-16
Everscale,EVER,-0.1431389332988144,-0.7727908983117316,-0.5542410267459235,-0.09874289743470901,-0.10475975505240884,-0.09188491630031377,2022-03-16
SXP,SXP,-0.14288832606109664,0.45726961442222736,0.5970269351413064,0.06300808542893374,-0.07870546981179105,-0.09196806991643927,2022-03-16
Floki Inu,FLOKI,-0.14318074550691434,1.1282117122771143,0.3092099446694991,-0.26486552848385564,-0.10241282396755526,-0.09199659351259042,2022-03-16
Zenon,ZNN,-0.14201323145050554,0.04724944351090773,0.021392954197691574,-0.18617586114478618,-0.10474661504853978,-0.09200865993648008,2022-03-16
Injective,INJ,-0.14201759601215436,0.6436424193819181,0.0044625429934675885,-0.011309933724631847,-0.09895302188722395,-0.092038337198603,2022-03-16
MXC,MXC,-0.1431579907207979,-0.36277072740041194,0.12297542142303536,0.6619238868429623,-0.09702455686662767,-0.09204527729074227,2022-03-16
WINkLink,WIN,-0.14318069357008675,0.04724944351090773,-0.0632591018234283,-0.1424593792897476,-0.0589659988863885,-0.0920635841266792,2022-03-16
WazirX,WRX,-0.14305895357951187,0.08452400450284592,-0.43572814831635565,-0.4222448631619945,-0.1021986734382489,-0.09208833601024534,2022-03-16
Perpetual Protocol,PERP,-0.14234057357416804,0.34544593144641295,-0.19870239145722005,-0.1424593792897476,-0.10173796143431522,-0.09217244757340105,2022-03-16
Mobox,MBOX,-0.14273556640338747,0.60636785838998,-0.808197194809283,0.15918434551001862,-0.09096260237208528,-0.09218688140477017,2022-03-16
Astroport,ASTRO,-0.14273993096503632,0.9045643463254854,-0.4187977371121317,1.6280581358393154,-0.102590440051116,-0.0922082178205228,2022-03-16
Trust Wallet Token,TWT,-0.1430233498860896,0.60636785838998,-1.8240218670627213,0.18104258643753793,-0.08842835142478264,-0.09224621778010196,2022-03-16
Serum,SRM,-0.14277266517740256,0.38272049243835116,0.0383233654019155,0.04552149268691832,-0.09011618105271738,-0.09225732018102059,2022-03-16
Coin98,C98,-0.14288832606109664,0.5318187364061038,0.1906970662399313,0.1854142346230418,-0.08583628701517061,-0.09227014909602665,2022-03-16
Mirror Protocol,MIR,-0.1428075816705932,0.23362224847059854,-1.1806662413022102,0.46519971849528874,-0.06516123458545324,-0.09227429512338889,2022-03-16
Zipmex Token,ZMT,-0.14257189534155623,-0.43731984938428825,-0.33414568109101184,-0.12497278654773218,-0.0996125409101813,-0.09228365580721672,2022-03-16
Tribe,TRIBE,-0.14306221194301083,0.04724944351090773,-0.232563213865668,0.023663251759398582,-0.10185596654865678,-0.09229034647014984,2022-03-16
VVS Finance,VVS,-0.1431807468204534,0.3081713704544748,-0.02939827941498038,-0.4834479377590486,-0.10336675316389675,-0.09258295804513296,2022-03-16
Metahero,HERO,-0.14317089727424823,0.49454417541416557,0.17376665503570732,-0.5665092532836219,-0.10172953573394855,-0.09262651591237882,2022-03-16
Creditcoin,CTC,-0.14293197167758498,0.19634768747866033,-0.14791115784454817,-0.0025666373536241366,-0.1036095507119761,-0.09263610566706568,2022-03-16
Lido Staked SOL,STSOL,-0.12399632096412114,0.5318187364061038,-0.1817719802529961,0.07175138179994146,-0.103085800550311,-0.09263938993664234,2022-03-16
API3,API3,-0.1421550797040926,0.6809169803738527,-0.5373106155416995,-0.5446510123561021,-0.09398501944125973,-0.09269939858457558,2022-03-16
Escoin Token,ELG,-0.14244532305374005,0.5318187364061038,-0.046328690619204305,0.11983951184048389,-0.10451343679398668,-0.0927581035092112,2022-03-16
Function X,FX,-0.14307407984081827,0.34544593144641295,-0.31721526988678783,-0.12497278654773218,-0.1040132865677689,-0.09277332037416323,2022-03-16
Raydium,RAY,-0.14263299920463987,0.12179856549478403,0.5462357015286329,0.049893140872422186,-0.09279104495938499,-0.09280069380261154,2022-03-16
CoinEx Token,CET,-0.14316740653287058,-0.17639792244072117,0.1906970662399313,0.21164412373606492,-0.10444939277183204,-0.09281300129142518,2022-03-16
Euro Tether,EURT,-0.14294070080088264,-0.21367248343265932,-0.2664240362741159,-0.05065476739416658,-0.09559780723353907,-0.09282075448121808,2022-03-16
Fetch.ai,FET,-0.1431092053965119,0.45726961442222736,-0.28335444747834154,0.001805010831879726,-0.0969519791269539,-0.09287114494116575,2022-03-16
Dent,DENT,-0.14318023856892909,0.49454417541416557,-0.11405033543610019,-0.06814136013618201,-0.09788140002884102,-0.09288729208262972,2022-03-16
Chia,XCH,-0.1289631921204936,0.08452400450284592,-0.7574059611966111,-0.470332993202537,-0.10104598506940765,-0.09295159102864077,2022-03-16
Status,SNT,-0.1431683683111698,0.08452400450284592,-0.28335444747834154,-0.25175058392734406,-0.10197525300740772,-0.09299479241439018,2022-03-16
Power Ledger,POWR,-0.14307079136184395,0.009974882518969604,-0.31721526988678783,-0.20366245388680163,-0.09308634355572452,-0.093075389032641,2022-03-16
Medibloc,MED,-0.1431719965450366,0.04724944351090773,0.021392954197691574,0.006176659017383589,-0.10196214595964438,-0.09311978872016972,2022-03-16
xSUSHI,XSUSHI,-0.14235148497829014,-0.28822160541653563,0.15683624383148334,0.13732610458249933,-0.10472319015525054,-0.09315630254671334,2022-03-16
Chromia,CHR,-0.14309796032165176,0.7181915413657909,0.36000117828217093,0.032406548130406734,-0.0835908094132718,-0.09315758225557828,2022-03-16
Yield Guild Games,YGG,-0.14265045745123522,0.6436424193819181,-0.24949362506989198,-0.35229849219393283,-0.09840503927356432,-0.0931961094542629,2022-03-16
Telos,TLOS,-0.14300198819378362,0.38272049243835116,0.4785140567117387,-0.5227927714285834,-0.10316774207219909,-0.09319651028223637,2022-03-16
COTI,COTI,-0.14313677545953524,0.2708968094625367,0.4107924118948429,-0.06814136013618201,-0.09911379381952468,-0.0932276988491496,2022-03-16
Alchemix USD,ALUSD,-0.14296314097637203,-0.40004528839235004,-0.4187977371121317,-0.10311454562021288,-0.10366279483125163,-0.09328031723296602,2022-03-16
Celer Network,CELR,-0.14317266221445718,0.7181915413657909,0.07218418781036176,-0.11622949017672446,-0.09176290217971497,-0.09329176491039937,2022-03-16
Orbs,ORBS,-0.14316499676209682,-0.139123361448783,-0.0632591018234283,-0.0025666373536241366,-0.09453871174010652,-0.09329925281041339,2022-03-16
Vulcan Forged,PYR,-0.1412756205318527,0.6436424193819181,0.2584187110568271,-0.29546706578238263,-0.09079713785570423,-0.0933066901827985,2022-03-16
Energy Web Token,EWT,-0.14210925180677988,0.19634768747866033,-0.5542410267459235,0.08049467817094919,-0.10395583630407285,-0.09337264183731303,2022-03-16
Astar,ASTR,-0.143158224006618,-0.027299678472968582,-0.28335444747834154,0.036778196315910595,-0.1018652781346632,-0.09337665700837447,2022-03-16
Origin Protocol,OGN,-0.14308601560755932,-0.10184880045684858,-1.5531352877951377,2.5723341439081486,-0.03861841966550138,-0.09337851401052386,2022-03-16
Cratos,CRTS,-0.14318010744370974,-0.6982417763278552,-1.0282925404641945,-0.6714288097357145,-0.0998559524886509,-0.09341782426909416,2022-03-16
Ocean Protocol,OCEAN,-0.14307831913954777,0.6809169803738527,0.4615836455075147,0.22038742010707263,-0.09677938620345687,-0.09344524472690242,2022-03-16
XYO Network,XYO,-0.1431771842913098,-0.3254961664084738,-0.24949362506989198,-0.24300728755633635,-0.10310581598367502,-0.09344907454231527,2022-03-16
Dopex,DPX,0.10257462106929559,0.9045643463254854,-0.3002848586825639,0.032406548130406734,-0.10308407336329241,-0.09350125269660274,2022-03-16
PLEX,PLEX,-0.1430028460483757,0.12179856549478403,0.07218418781036176,-0.13808773110424374,-0.09918816979105559,-0.09354176217754945,2022-03-16
LUKSO Token,LYXE,-0.14033287521570467,0.23362224847059854,-0.14791115784454817,-0.10748619380571675,-0.10434621500527276,-0.0935488682927984,2022-03-16
DAO Maker,DAO,-0.1427028321910212,0.08452400450284592,-0.5711714379501475,-0.28672376941137495,-0.10347191366140916,-0.09361404401547903,2022-03-16
Boba Network,BOBA,-0.14291669571181403,-0.10184880045684858,0.6308877575497545,0.4914296076083119,-0.10317371672563612,-0.09370022534392326,2022-03-16
Mdex,MDX,-0.1431319050451913,0.3081713704544748,0.08911459901458575,0.11983951184048389,-0.10212520220098839,-0.09370318032907182,2022-03-16
UFO Gaming,UFO,-0.14318075004830053,0.7554661023577327,0.15683624383148334,-0.1424593792897476,-0.10291405581519246,-0.09373705690797718,2022-03-16
Ardor,ARDR,-0.14313864720179834,0.15907312648671848,-0.0632591018234283,-0.15120267566075535,-0.1024886396844876,-0.09374953967847698,2022-03-16
Pundi X,PUNDIX,-0.14301924436117464,0.15907312648671848,-0.02939827941498038,-0.12934443473323604,-0.10320479703012911,-0.09376062040590981,2022-03-16
Mask Network,MASK,-0.14229692795767973,0.830015224341609,0.7832614583877703,-0.0025666373536241366,-0.08777757345428139,-0.09379236301445523,2022-03-16
Kyber Network Crystal Legacy,KNCL,-0.14251079147847254,0.5690932973980419,-0.0632591018234283,-0.10311454562021288,-0.035420226429094925,-0.09379469320350944,2022-03-16
Interest Bearing Bitcoin,IBBTC,8.727347796555025,0.34544593144641295,-0.012467868210756397,0.12421116002598775,-0.10476090158923711,-0.09384004202663909,2022-03-16
Coinmetro,XCM,-0.14304770959579216,-0.17639792244072117,-1.333039942140226,-0.17743256477377847,-0.10474225362040075,-0.0939268261620586,2022-03-16
MX Token,MX,-0.14277484745822697,0.23362224847059854,-0.11405033543610019,0.023663251759398582,-0.10462427109179334,-0.09393439249694477,2022-03-16
Reserve Rights Token,RSR,-0.14317773875266418,0.19634768747866033,1.9006685978665523,0.4783146630518003,-0.08368026392683552,-0.09397758186232645,2022-03-16
Radicle,RAD,-0.1422140012863519,0.3081713704544748,-0.13098074664032416,-0.011309933724631847,-0.1029197049672774,-0.09397772024122063,2022-03-16
Conflux,CFX,-0.14315538682331821,0.38272049243835116,-0.28335444747834154,-0.41787321497649066,-0.10296506890905363,-0.0940299783033356,2022-03-16
Wonderland,TIME,-0.10022691822457425,0.2708968094625367,-0.21563280266144402,-0.47470464138804086,-0.10422448438659185,-0.09404138634248849,2022-03-16
XSGD,XSGD,-0.14301996996954874,-0.21367248343265932,-0.33414568109101184,-0.07688465650718974,-0.10326833975120364,-0.09405166643978258,2022-03-16
MiL.k Alliance,MLK,-0.14300338027072154,0.08452400450284592,0.08911459901458575,0.01929160357389472,-0.10230762251051857,-0.09405257588449749,2022-03-16
Civic,CVC,-0.143122210699085,0.5318187364061038,0.5462357015286329,0.036778196315910595,-0.09932169312798685,-0.09405648355612145,2022-03-16
Unibright,UBT,-0.14292324255428732,0.45726961442222736,2.5778850460355107,2.755943367699311,-0.10371974415634122,-0.09410843676908541,2022-03-16
Aragon,ANT,-0.14217253795068796,0.6436424193819181,0.44465323430329085,0.11983951184048389,-0.09337862782105744,-0.09413483112937594,2022-03-16
Yoshi.exchange,YOSHI,-0.14288832606109664,1.053662590293238,1.8837381866623284,0.9635676116427285,-0.10363359504013796,-0.09420529620840039,2022-03-16
SuperFarm,SUPER,-0.14304846924774714,0.5690932973980419,-0.19870239145722005,-0.0025666373536241366,-0.09901140515813632,-0.0942192096393853,2022-03-16
Divi,DIVI,-0.14316709206710707,-0.4745944103762264,0.5631661127328587,-0.28235212122587067,-0.10467767034979793,-0.094227664745006,2022-03-16
BTSE Token,BTSE,-0.1413432712374096,-0.139123361448783,-0.19870239145722005,0.4520847739387771,-0.10416586732016488,-0.0943022841630693,2022-03-16
GMX,GMX,-0.1382095159735472,0.6809169803738527,0.24148829985260314,-0.37415673312145215,-0.10336131787127475,-0.09433323561047462,2022-03-16
Request,REQ,-0.1431330898054509,0.3081713704544748,-0.4187977371121317,0.4302265330112578,-0.09791790293937769,-0.09433960785202533,2022-03-16
Multichain,MULTI,-0.1411752356139295,0.15907312648671848,0.42772282309906684,-0.9555859417934653,-0.10422498750004028,-0.09434413419119729,2022-03-16
Ergo,ERG,-0.14246932814280863,-0.139123361448783,-0.33414568109101184,0.25536060559110313,-0.10441938067723282,-0.09434763238123514,2022-03-16
Rari Governance Token,RGT,-0.13992478870153874,0.4199950534302893,-0.825127606013507,-0.01568158191013571,-0.1045478739671007,-0.09436397245354664,2022-03-16
FEG Token BSC,FEG,-0.14318075169069905,0.6809169803738527,-0.4018673259079077,0.11546786365498006,-0.10457890280033312,-0.0943925412115608,2022-03-16
Alchemy Pay,ACH,-0.14317189927626423,0.3081713704544748,0.1906970662399313,-0.11622949017672446,-0.10137286490884663,-0.09440354908030955,2022-03-16
Numeraire,NMR,-0.13704199573248427,0.12179856549478403,0.05525377660613948,-0.10311454562021288,-0.10285996459495944,-0.09441247024478332,2022-03-16
Power Cash,PRCH,-0.1431806319411512,-0.7355163373197935,-0.791266783605059,-0.13371608291873946,-0.10472320356677618,-0.09445019526146553,2022-03-16
Moonriver,MOVR,-0.1325203098642928,0.4199950534302893,-0.825127606013507,-0.37415673312145215,-0.09617616695277961,-0.09446194239598121,2022-03-16
sBTC,SBTC,8.718919828011128,0.38272049243835116,0.0383233654019155,0.1329544563969955,-0.10432888876403694,-0.09449961746369555,2022-03-16
Cartesi,CTSI,-0.1431127461471495,0.38272049243835116,-0.5711714379501475,-0.01568158191013571,-0.09862337891102889,-0.09451737509771069,2022-03-16
JOE,JOE,-0.14298790986372914,0.830015224341609,0.1906970662399313,-0.5271644196140867,-0.10176985222992543,-0.09452591747593563,2022-03-16
Veritaseum,VERI,-0.12675035936453502,0.9045643463254854,8.097199098612524,1.6455447285813307,-0.10471556987136978,-0.09453248885578852,2022-03-16
Bifrost,BFC,-0.1431481966444579,0.12179856549478403,-0.11405033543610019,-0.05939806376517429,-0.10426661216347784,-0.09463713880853275,2022-03-16
inSure DeFi,SURE,-0.14317944451561465,0.5690932973980419,1.6467124298031925,0.609464108616916,-0.10431653131181495,-0.09464879046397871,2022-03-16
Aurora,AURORA,-0.14168588932684303,-0.40004528839235004,-0.7404755499923872,-0.36104178856494057,-0.10429350009754962,-0.09468486008927449,2022-03-16
AscendEx Token,ASD,-0.14313486225393648,-0.139123361448783,-0.6050322603585953,-0.23426399118532865,-0.10395202489347463,-0.094707029592789,2022-03-16
Reef Finance,REEF,-0.1431789064587271,0.5318187364061038,0.021392954197691574,0.04552149268691832,-0.09685170259961745,-0.09473729193381748,2022-03-16
World Mobile Token,WMT,-0.14303751070635926,-0.28822160541653563,-0.31721526988678783,-0.12497278654773218,-0.1043213163266801,-0.09474904822169854,2022-03-16
Mango,MNGO,-0.14314827847998882,0.4199950534302893,-0.21563280266144402,-0.2167773984433132,-0.10456807172471874,-0.09476757326544882,2022-03-16
Beldex,BDX,-0.1431586307837637,0.3081713704544748,-0.1817719802529961,1.820410656001485,-0.10469947350328276,-0.09477311273487092,2022-03-16
Poollotto.finance,PLT,-0.13933775515977065,-0.21367248343265932,-0.33414568109101184,-0.03753982283765501,-0.10449486364333975,-0.09477399237854285,2022-03-16
Biconomy,BICO,-0.1428948729035699,0.08452400450284592,0.901774336817338,0.049893140872422186,-0.09410921995550091,-0.09479370930619559,2022-03-16
FEG Token,FEG,-0.14318075169075928,0.2708968094625367,-0.24949362506989198,0.001805010831879726,-0.10436588028907541,-0.09480126643511086,2022-03-16
BNB48 Club Token,KOGE,-0.1267350833987641,-6.466105600944445e-17,0.0,0.0,0.0,-0.09480303845299735,2022-03-16
Ion,ION,1.3960713872833423,-0.10184880045684858,-0.3849369147036837,-0.7282602361472647,-0.10472568506149377,-0.09481603325959923,2022-03-16
MMFinance,MMF,-0.14294070080088264,0.19634768747866033,0.3261403558737229,1.3176711146685414,-0.08980930939716912,-0.09481785769891436,2022-03-16
Origin Dollar,OUSD,-0.1429639578040846,-0.3254961664084738,-0.43572814831635565,-0.09874289743470901,-0.10444080758305234,-0.09482060531299245,2022-03-16
Verge,XVG,-0.14317875991067097,0.5318187364061038,0.05525377660613948,-0.3085820103388942,-0.1031024815884213,-0.09483190958770177,2022-03-16
Kishu Inu,KISHU,-0.14318075169123154,1.3518590782287432,1.1895913272891454,0.5395177376488542,-0.10218673899279515,-0.09483414800637739,2022-03-16
Band Protocol,BAND,-0.1423907660331296,0.6436424193819181,0.44465323430329085,0.08486632635645303,-0.0954077902009164,-0.09483534057415197,2022-03-16
Tokamak Network,TON,-0.1424016774372517,0.009974882518969604,0.021392954197691574,-0.2080341020723055,-0.10395879662650324,-0.09485570344532937,2022-03-16
Storj,STORJ,-0.14295379448582915,0.49454417541416557,0.3092099446694991,0.36028016204319613,-0.09411099462656974,-0.09488212760666288,2022-03-16
VeThor Token,VTHO,-0.14318004349939342,0.4199950534302893,-0.46958897072480354,0.16792764188102635,-0.10284051099577775,-0.09490614958824965,2022-03-16
USDX,USDX,-0.14296928278752427,-0.0645742394649067,-0.14791115784454817,-0.09874289743470901,-0.10444435982497935,-0.09491398607892791,2022-03-16
OriginTrail,TRAC,-0.1430933450159362,0.23362224847059854,-0.24949362506989198,-0.28672376941137495,-0.10389897650997876,-0.09492568210715366,2022-03-16
Merit Circle,MC,-0.14272465499926537,0.5690932973980419,0.7494006359793223,0.05426478905792601,-0.09537688243388844,-0.09492637768401292,2022-03-16
aelf,ELF,-0.14311118428876346,0.3081713704544748,-0.13098074664032416,-0.1555743238462592,-0.10007789692672404,-0.09493696278827468,2022-03-16
Akash Network,AKT,-0.14294288308170705,0.23362224847059854,-0.4187977371121317,-0.02005323009563957,-0.10412562621871053,-0.09495826643077086,2022-03-16
GPEX,GPX,-0.14234493813581686,-0.139123361448783,-0.36800650349945974,-0.41787321497649066,-0.10469704347982577,-0.09497027814489054,2022-03-16
StarLink,STARL,-0.14318074854978002,1.314584517236805,-0.02939827941498038,-0.12060113836222831,-0.09973534118865066,-0.09499081650817627,2022-03-16
Pundi X [OLD],NPXS,-0.14318062053825553,-0.36277072740041194,-0.6558234939712673,-0.6626855133647068,-0.10476208104229896,-0.09503608363488977,2022-03-16
Acala,ACA,-0.14294070080088264,0.9418389073174236,-0.02939827941498038,-0.024424878281143432,-0.09995020832839474,-0.09507714857781849,2022-03-16
Orchid Protocol,OXT,-0.14312885814470425,0.4199950534302893,-0.4018673259079077,0.1854142346230418,-0.10037361961725283,-0.09509882908646099,2022-03-16
Beta Finance,BETA,-0.143096190055447,0.34544593144641295,-0.19870239145722005,-0.41787321497649066,-0.09801829473333994,-0.09512017925856443,2022-03-16
Ark,ARK,-0.14299866719882504,-0.10184880045684858,-0.11405033543610019,-0.2255206948143205,-0.10376542200031223,-0.09515770466349452,2022-03-16
STASIS EURO,EURS,-0.14294070080088264,-0.139123361448783,-0.2664240362741159,-0.0419114710231593,-0.1030788439557127,-0.0951724988165651,2022-03-16
Magic,MAGIC,-0.14257407762238064,2.209173981043321,4.389439044887475,-0.08562795287819745,-0.10206882739665943,-0.09517885706504002,2022-03-16
Keep3rV1,KP3R,-0.06448115832062845,-0.10184880045684858,-0.02939827941498038,-0.07688465650718974,-0.09670860887048223,-0.09521254116024502,2022-03-16
Polkastarter,POLS,-0.14284468044460832,0.7554661023577327,-0.6050322603585953,1.2520963918859833,-0.03221931500266697,-0.09522244333928183,2022-03-16
Hxro,HXRO,-0.14311410985443668,-0.0645742394649067,-0.1648415690487738,-0.37415673312145215,-0.10471368500830647,-0.0952531222899482,2022-03-16
flexUSD,FLEXUSD,-0.1429603413283024,-0.3254961664084738,-0.4018673259079077,-0.08562795287819745,-0.10469708625171835,-0.095277862573991,2022-03-16
Bezoge Earth,BEZOGE,-0.14318075169090266,0.08452400450284592,-0.48651938192902755,-0.28235212122587067,-0.1046934278050072,-0.09527892588993399,2022-03-16
MaidSafeCoin,MAID,-0.14311639186549477,0.49454417541416557,-0.232563213865668,0.09360962272746075,-0.10476097849889954,-0.0952825472821654,2022-03-16
Prometeus,PROM,-0.14144365615533278,0.2708968094625367,-0.2664240362741159,-0.03753982283765501,-0.10437446620280245,-0.09535028355359519,2022-03-16
Iron Bank EURO,IBEUR,-0.14294506536253146,-0.36277072740041194,-0.46958897072480354,-0.06376971195067815,-0.10472755248957373,-0.09535439875410627,2022-03-16
Metadium,META,-0.14316396801817152,-0.10184880045684858,-1.0113621292599706,0.0979812709129646,-0.09286259254889992,-0.09535877001212253,2022-03-16
Sperax,SPA,-0.14314440427684125,-0.0645742394649067,-0.6896843163797152,-0.1949191575157939,-0.1045938664382138,-0.09536206453978106,2022-03-16
iExec RLC,RLC,-0.14278575886234907,0.34544593144641295,0.5631661127328587,0.2247590682925765,-0.10242413858304011,-0.09536806741147603,2022-03-16
DUSK Network,DUSK,-0.14310976624268376,0.4199950534302893,-1.1806662413022102,-0.2692371766693595,-0.0946833140846397,-0.0953707982443843,2022-03-16
DEAPCOIN,DEP,-0.1431747271949075,-0.21367248343265932,-0.5542410267459235,-0.6845437542922261,-0.10284367430346111,-0.09538405728865408,2022-03-16
StormX,STMX,-0.14317769827384597,0.5690932973980419,-0.02939827941498038,-0.0899996010637013,-0.10392237708490976,-0.09538710848935004,2022-03-16
RMRK,RMRK,-0.14020193836623968,0.7554661023577327,0.3430707670779469,-0.07688465650718974,-0.10304267887063277,-0.09539749674365096,2022-03-16
Qredo,QRDO,-0.14262427008134224,0.9418389073174236,1.8668077754581043,0.28596214288963046,-0.096128019575722,-0.09545918040484007,2022-03-16
Stratis,STRAX,-0.14297752177054876,0.19634768747866033,0.0383233654019155,-0.16431762021726648,-0.10360452755191238,-0.09546980130717729,2022-03-16
STP Network,STPT,-0.14316201336519196,-0.10184880045684858,-0.3002848586825639,-0.28235212122587067,-0.10050251525289,-0.09547493668708194,2022-03-16
Steem,STEEM,-0.14311189549408415,0.12179856549478403,-0.232563213865668,-0.06376971195067815,-0.10258030891215071,-0.09550001914391211,2022-03-16
Alpha Finance,ALPHA,-0.143119801897511,0.3081713704544748,0.5123748791201866,-0.011309933724631847,-0.10207787111462666,-0.09550356152261033,2022-03-16
NKN,NKN,-0.14313875609761148,0.7554661023577327,0.918704748021562,0.17667093825203406,-0.10142852672747452,-0.09551313720531308,2022-03-16
RSK Infrastructure Framework,RIF,-0.14314798496321793,0.2708968094625367,0.13990583262725934,-0.0725130083216863,-0.10432964814636726,-0.09552588928991619,2022-03-16
Balancer,BAL,-0.14068204014761132,0.6809169803738527,-0.02939827941498038,-0.05939806376517429,-0.09590992605787667,-0.0955339629527079,2022-03-16
Dawn Protocol,DAWN,-0.14280976395141762,0.23362224847059854,-0.012467868210756397,0.041149844501414456,-0.10388560703128123,-0.09554586238028523,2022-03-16
GXChain,GXC,-0.14282285763636413,0.4199950534302893,-0.5373106155416995,-0.18617586114478618,-0.10071446919178027,-0.09556105838713745,2022-03-16
Sun Token,SUN,-0.1431782203393185,0.08452400450284592,-0.1817719802529961,-0.01568158191013571,-0.09202923985508675,-0.09557146102905577,2022-03-16
Dero,DERO,-0.1408107947162519,0.9045643463254854,-0.14791115784454817,-0.7195169397762569,-0.10446820877983522,-0.09561152859709598,2022-03-16
Kirobo,KIRO,-0.1431531659161232,0.34544593144641295,-0.08018951302765227,-0.4266165113474984,-0.10475112228171099,-0.09561952427216268,2022-03-16
Alien Worlds,TLM,-0.1431596826692135,0.9791134683093615,0.2584187110568271,-0.1118578419912206,-0.08867407920997812,-0.09564172599657537,2022-03-16
Strike,STRK,-0.13489899596290703,-0.10184880045684858,-0.1648415690487738,-0.2386356393708325,-0.10123823348991834,-0.0956538701451623,2022-03-16
Aavegotchi,GHST,-0.1427552069308072,-0.10184880045684858,-0.2664240362741159,-0.02879652646664728,-0.09450485307496347,-0.09568886916864668,2022-03-16
Victoria VR,VR,-0.14314922275290154,1.5382318831884338,-0.4526585595205796,0.036778196315910595,-0.10219997943086757,-0.09568982214445261,2022-03-16
Ankr Reward-Bearing Staked ETH,AETHC,0.33613322630249454,0.4199950534302893,-0.36800650349945974,-0.19054750933029005,-0.10428742540138078,-0.09570028341525423,2022-03-16
Decentral Games,DG,-0.14311390995751316,-0.17639792244072117,-0.36800650349945974,-0.0899996010637013,-0.10445225341400428,-0.09571269516826414,2022-03-16
Meerkat Shares,MSHARE,2.6861834359387187,0.12179856549478403,0.10604501021881138,3.927545081414345,-0.10175204099892449,-0.0957256942359154,2022-03-16
FUNToken,FUN,-0.1431783657456459,0.08452400450284592,-0.46958897072480354,-0.15120267566075535,-0.1044527706639257,-0.0957289431019582,2022-03-16
THORChain (ERC20),RUNE,-0.14162042090211052,2.246448542035259,-1.5869961102035857,3.2280813717337273,-0.10409564022221525,-0.0957291978443247,2022-03-16
TrueFi,TRU,-0.1431414344108673,0.5690932973980419,-0.5373106155416995,0.19852917917955337,-0.10126173664489684,-0.0957310096583083,2022-03-16
agEUR,AGEUR,-0.14294070080088264,-0.2509470444245975,-0.3510760922952358,-0.05502641557967044,-0.10338037383684483,-0.09573138029069718,2022-03-16
sETH2,SETH2,0.45486676139735915,0.6436424193819181,0.1906970662399313,0.19415753099404953,-0.10475494076779515,-0.09575496622489606,2022-03-16
Maple,MPL,-0.13764212295919886,-0.5491435323601027,-0.7235451387881632,0.5701192749473813,-0.10367219413588523,-0.09575886455903525,2022-03-16
Spookyswap,BOO,-0.14038088539384183,0.6809169803738527,-0.8759188396261771,-0.5796241978401334,-0.10290431143562881,-0.09576179153172945,2022-03-16
AIOZ Network,AIOZ,-0.14312894521770916,1.3891336392206812,4.457160689704371,0.950452667086217,-0.09979059087472028,-0.09577093642759912,2022-03-16
Tomb Shares,TSHARE,0.49414781623686005,1.2400353952529286,0.901774336817338,-1.637563058732067,-0.10091610241797791,-0.095785792471097,2022-03-16
Beefy.Finance,BIFI,0.17450041476124611,0.08452400450284592,0.3938620006906189,-0.36104178856494057,-0.10424381909441108,-0.09580272864317638,2022-03-16
TitanSwap,TITAN,-0.1429341539584094,-0.36277072740041194,-0.43572814831635565,-0.41787321497649066,-0.10475312643485778,-0.09581575264585741,2022-03-16
Phantasma,SOUL,-0.14294506536253146,0.6809169803738527,1.7990861306412085,-0.2080341020723055,-0.10376080191096512,-0.09582692127716107,2022-03-16
Tornado Cash,TORN,-0.132725444261788,0.49454417541416557,-0.3002848586825639,-0.41350156679098676,-0.10110244106783779,-0.09583005222786789,2022-03-16
Alchemix,ALCX,-0.12241853192806784,0.6809169803738527,-1.1129445964853146,-0.6495705688081952,-0.10165158395970235,-0.09583816737013423,2022-03-16
DODO,DODO,-0.14309527196990415,0.8672897853335473,0.6816789911624264,-0.10311454562021288,-0.08524111467987901,-0.09584220455661753,2022-03-16
Hoo Token,HOO,-0.14288832606109664,-0.43731984938428825,0.42772282309906684,-0.16431762021726648,-0.10172586895034308,-0.09584247260818768,2022-03-16
BTC Standard Hashrate Token,BTCST,-0.13982440378361558,0.830015224341609,-0.02939827941498038,-0.45284640046052155,-0.10085810336915152,-0.09586290867998522,2022-03-16
KardiaChain,KAI,-0.1431735270217137,-0.17639792244072117,-0.19870239145722005,0.2990770874461421,-0.10344515368054148,-0.09586594083747277,2022-03-16
Klever,KLV,-0.14317613883375965,0.6436424193819181,0.17376665503570732,0.1329544563969955,-0.10315653619881404,-0.0958820438691847,2022-03-16
Orion Protocol,ORN,-0.14249769779352606,2.0973502980675063,0.7663310471835463,-0.006938285539127999,-0.10091569970973496,-0.09591795541480855,2022-03-16
BENQI Liquid Staked AVAX,SAVAX,-0.12718463324859397,0.9418389073174236,0.20762747744415516,-0.0899996010637013,-0.10467798352704537,-0.09591873602853625,2022-03-16
PlatON Network,LAT,-0.14317084171971645,0.04724944351090773,-0.232563213865668,-0.35667014037943623,-0.10324325258630464,-0.0959227907852726,2022-03-16
Hathor,HTR,-0.1430760901579137,1.575506444180372,0.3938620006906189,0.006176659017383589,-0.10353365597578457,-0.0959251370979273,2022-03-16
Kava Swap,SWP,-0.14278575886234907,-0.6982417763278552,-0.6219626715628193,-0.01568158191013571,-0.10409134200948357,-0.09593450998624227,2022-03-16
Proton,XPR,-0.14317835588975122,0.45726961442222736,-0.7404755499923872,-0.39601497404897146,-0.10298142770807484,-0.095954247982417,2022-03-16
Utrust,UTK,-0.14312982489510948,0.3081713704544748,-0.5881018491543712,-0.13371608291873946,-0.10254989374683487,-0.09595618294598862,2022-03-16
Regen,REGEN,-0.14299246733900287,0.3081713704544748,0.20762747744415516,-0.09437124924920516,-0.10472105264804202,-0.09597352457532969,2022-03-16
My Neighbor Alice,ALICE,-0.14185610723114753,0.830015224341609,0.5631661127328587,-0.1118578419912206,-0.06876844274412443,-0.09600981335533869,2022-03-16
BakerySwap,BAKE,-0.14306106908254307,0.6436424193819181,0.15683624383148334,-0.12497278654773218,-0.10077009766283089,-0.09601571162090135,2022-03-16
QuarkChain,QKC,-0.1431773402153155,-0.027299678472968582,-0.3002848586825639,-0.18617586114478618,-0.10393701413401736,-0.0960485500293157,2022-03-16
Hydra,HYDRA,-0.14123197491536435,-0.17639792244072117,-1.908673923083841,-0.12060113836222831,-0.10460079657223446,-0.09605056797813938,2022-03-16
TomoChain,TOMO,-0.14292542483511173,0.38272049243835116,0.3769315894863949,0.0673797336144376,-0.10287684318121772,-0.09606198979994585,2022-03-16
Pylon Protocol,MINE,-0.14316906471750057,0.04724944351090773,0.3769315894863949,0.3034487356316459,-0.10439003227191608,-0.09607124564091639,2022-03-16
Ellipsis,EPS,-0.14314480407068828,0.15907312648671848,0.20762747744415516,0.08049467817094919,-0.10180455763355231,-0.09607545647831384,2022-03-16
Venus,XVS,-0.14132144842916544,0.2708968094625367,-0.28335444747834154,-0.15120267566075535,-0.10194578317341285,-0.09608030158080429,2022-03-16
Railgun,RAIL,-0.14279230570482232,0.12179856549478403,0.5462357015286329,-0.28235212122587067,-0.1045993539270437,-0.09608301531690942,2022-03-16
Seedify.fund,SFUND,-0.14223582409459604,0.23362224847059854,0.15683624383148334,-0.8069499034863341,-0.10351418244055123,-0.09608316376976606,2022-03-16
Hermez Network,HEZ,-0.14185174266949868,-0.027299678472968582,-0.3510760922952358,-0.0419114710231593,-0.10472372371648692,-0.09608770102458924,2022-03-16
Alpine F1 Team Fan Token,ALPINE,-0.14126907368937944,-0.2509470444245975,0.42772282309906684,7.407377037075417,-0.0491144376720647,-0.09614669138692863,2022-03-16
ICHI,ICHI,-0.13822915650096693,0.49454417541416557,0.42772282309906684,0.4783146630518003,-0.10443216439848606,-0.09616034044873176,2022-03-16
JasmyCoin,JASMY,-0.14317611833591185,-0.17639792244072117,3.881526708760757,3.8882002477448103,0.06932012713209565,-0.0961612887689467,2022-03-16
CRYPTO20,C20,-0.14253916112918996,-0.139123361448783,-1.1975966525064343,-0.15120267566075535,-0.10474283462944002,-0.09617149427157363,2022-03-16
Decentral Games Governance,XDG,-0.14311056299341277,0.009974882518969604,-0.1817719802529961,-0.09437124924920516,-0.10471801548119442,-0.09617465752208697,2022-03-16
Metal,MTL,-0.14284904500625714,0.5318187364061038,0.08911459901458575,-0.13371608291873946,-0.1002337232683256,-0.09619473516598277,2022-03-16
Wilder World,WILD,-0.14292542483511173,2.060075737075568,-0.43572814831635565,-0.658313865179203,-0.10304542243381089,-0.09622027884195558,2022-03-16
Wrapped Centrifuge,WCFG,-0.14307468782425592,-0.21367248343265932,-0.046328690619204305,-0.13808773110424374,-0.10414506386905092,-0.09622262949456799,2022-03-16
Bitcoin Diamond,BCD,-0.1430682003398211,-0.0645742394649067,0.021392954197691574,-0.17306091658827463,-0.10446351764564957,-0.09623427412717328,2022-03-16
cBAT,CBAT,-0.1431777209786374,-6.466105600944445e-17,0.0,0.0,0.0,-0.09623444798850962,2022-03-16
sUSD,SUSD,-0.14296342336351073,-0.40004528839235004,-0.3849369147036837,-0.1118578419912206,-0.10169898645337629,-0.09626078556111102,2022-03-16
sETH,SETH,0.45312093673782583,0.5690932973980419,0.17376665503570732,0.18104258643753793,-0.10293180905040684,-0.09627366042706331,2022-03-16
Bounce,AUCTION,-0.14032196381158257,0.23362224847059854,-0.09711992423187626,0.014919955388391299,-0.10413100424049329,-0.09629465501196462,2022-03-16
Augur,REP,-0.14024994854437683,0.34544593144641295,-0.0632591018234283,-0.16868926840277076,-0.10189677093418811,-0.09632314833362285,2022-03-16
Verasity,VRA,-0.1431761719820192,1.4264082002126195,0.5462357015286329,-0.06376971195067815,-0.08341147774184977,-0.09634854018998396,2022-03-16
Neutrino System Base Token,NSBT,-0.1352219735249207,0.15907312648671848,1.1218696824722496,1.4225906711206338,-0.10462968789825836,-0.09635393002292458,2022-03-16
Platypus Finance,PTP,-0.14212889233419962,1.314584517236805,-1.2314574749148823,-0.7719767180023033,-0.10370044533341492,-0.09636735369625704,2022-03-16
Ampleforth,AMPL,-0.1429363362392338,0.34544593144641295,2.0699727099087917,0.9242227779731937,-0.10119297647787359,-0.09636862443587604,2022-03-16
Wanchain,WAN,-0.14307742047630426,0.3081713704544748,-0.232563213865668,-0.2080341020723055,-0.10211590366403395,-0.09637847059000416,2022-03-16
IDEX,IDEX,-0.1431495850115184,0.12179856549478403,-0.43572814831635565,-0.1818042129592823,-0.0964353196751435,-0.09638192995714753,2022-03-16
Dopex Rebate Token,RDPX,-0.12104151272786089,1.7246046881481207,0.2753491222610511,0.3908816993417232,-0.10349406660198172,-0.0963931007978842,2022-03-16
Everipedia,IQ,-0.14317878629880526,-0.10184880045684858,0.12297542142303536,-0.006938285539127999,-0.10353384808682756,-0.0964150811318479,2022-03-16
ZoidPay,ZPAY,-0.14311319220535001,1.0163880293012997,0.42772282309906684,1.295812873741022,-0.10468952758836081,-0.09641598568424682,2022-03-16
Electroneum,ETN,-0.14317964163885663,0.2708968094625367,0.0383233654019155,-0.17743256477377847,-0.10469797467467377,-0.09642238359730498,2022-03-16
KeeperDAO,ROOK,-0.11958156685632612,-0.17639792244072117,-0.02939827941498038,-0.10748619380571675,-0.10460972031141824,-0.09647455478135734,2022-03-16
cUNI,CUNI,-0.1431419751800556,-0.3254961664084738,-0.2664240362741159,-0.10311454562021288,-0.10446529811629707,-0.09648762786501473,2022-03-16
Dvision Network,DVI,-0.14310465446808066,0.04724944351090773,0.36000117828217093,-0.8419230889703646,-0.10443803610940193,-0.09651424266885442,2022-03-16
AllianceBlock,ALBT,-0.14313229741928354,0.5690932973980419,0.86791351440889,0.0979812709129646,-0.10454662959500524,-0.0965230790331847,2022-03-16
Bonfida,FIDA,-0.14282940447883738,0.38272049243835116,-0.28335444747834154,-0.6014824387676527,-0.10317016412123545,-0.09653256775891651,2022-03-16
Adventure Gold,AGLD,-0.14294070080088264,-0.43731984938428825,2.797980391690421,0.32530697655916524,-0.0840155647544835,-0.09653720301787573,2022-03-16
Avalaunch,XAVA,-0.14235584953993896,0.7181915413657909,0.13990583262725934,-0.19929080570129776,-0.10450480194631473,-0.09655523804094582,2022-03-16
HUNT,HUNT,-0.14301275120280965,-0.17639792244072117,0.3430707670779469,-0.24300728755633635,-0.07831087590432897,-0.09656882239792482,2022-03-16
Automata,ATA,-0.14310047976486354,0.7927406633496709,0.29227953346527336,0.049893140872422186,-0.1009494090357276,-0.09657827095932069,2022-03-16
Banana,BANANA,-0.1390977042690848,0.23362224847059854,-2.7890553057034873,2.992012369716519,-0.10456241387326581,-0.09658083019293116,2022-03-16
chrono.tech,TIME,-0.11739492147026057,0.49454417541416557,0.20762747744415516,-0.7457468288892801,-0.10465506685445851,-0.09658568642149502,2022-03-16
Celo Dollar,CUSD,-0.14296269644576812,-0.2509470444245975,-0.31721526988678783,-0.09874289743470901,-0.10448263958142685,-0.09659307565980366,2022-03-16
CertiK,CTK,-0.14292324255428732,0.23362224847059854,0.2753491222610511,0.07175138179994146,-0.10189979613940474,-0.0965939164016728,2022-03-16
Adshares,ADS,-0.1424256825263203,0.15907312648671848,0.6647485799582024,1.3351577074105563,-0.10431841834972025,-0.09659601820374009,2022-03-16
DFI.money,YFII,0.30457744558142885,0.45726961442222736,1.0541480376553536,0.3515368656721884,-0.09864552931428579,-0.09662811842480123,2022-03-16
Gains Farm,GFARM2,0.3516841594572881,0.12179856549478403,0.15683624383148334,0.05426478905792601,-0.10471369189530612,-0.0966426258513321,2022-03-16
Gitcoin,GTC,-0.1419433984641242,1.1282117122771143,0.6139573463455305,-0.12497278654773218,-0.10003280918988133,-0.09666216731317928,2022-03-16
Biswap,BSW,-0.1431026923793914,0.34544593144641295,0.3092099446694991,0.548261034019862,-0.10288652920252114,-0.09667009396976692,2022-03-16
Clover Finance,CLV,-0.14311402867359002,0.38272049243835116,-0.232563213865668,-0.17306091658827463,-0.10178593772380247,-0.09668158007555312,2022-03-16
SafePal,SFP,-0.14302078570612092,0.6436424193819181,-0.012467868210756397,-0.2736088248548634,-0.09940033795188248,-0.09670343202567676,2022-03-16
Enzyme,MLN,-0.13141171120548914,0.38272049243835116,-0.0632591018234283,0.0979812709129646,-0.10215327107426407,-0.09671660082512884,2022-03-16
Crabada,CRA,-0.14298259077244774,1.3891336392206812,1.392756261739833,0.032406548130406734,-0.10384398273031735,-0.0967179487896924,2022-03-16
Covalent,CQT,-0.14311347982996267,0.45726961442222736,-1.0621533628726427,-0.7457468288892801,-0.1031437568272448,-0.09672146189340312,2022-03-16
Aergo,AERGO,-0.14313349636436848,0.04724944351090773,-0.3510760922952358,-0.7151452915907531,-0.10151470049188709,-0.09672251063760931,2022-03-16
Nerve Finance,NRV,-0.14317694035485326,-0.3254961664084738,-0.8759188396261771,-0.4834479377590486,-0.10474862256544222,-0.09672994430130327,2022-03-16
Swarm,BZZ,-0.14291887799263847,0.12179856549478403,0.42772282309906684,-0.13808773110424374,-0.10421817408254008,-0.09673602284607914,2022-03-16
BENQI,QI,-0.14316992404703124,0.9791134683093615,-0.21563280266144402,-0.20366245388680163,-0.10119129061285292,-0.09674721714889024,2022-03-16
Somnium Space CUBEs,CUBE,-0.14189320600516261,0.5318187364061038,0.5293052903244106,0.395253347527227,-0.10468121280493595,-0.09676445548723768,2022-03-16
Rai Reflex Index,RAI,-0.14251952060177023,-0.3254961664084738,-0.4187977371121317,-0.0899996010637013,-0.10439494777730099,-0.09676555846776391,2022-03-16
PEAKDEFI,PEAK,-0.1431684415498173,-0.21367248343265932,-0.28335444747834154,-0.8681529780833881,-0.10474323961039286,-0.09676820084444311,2022-03-16
Propy,PRO,-0.1428948729035699,0.4199950534302893,-1.0621533628726427,-0.9293560526804417,-0.10426205296970661,-0.09676894384520394,2022-03-16
Aurory,AURY,-0.14143056247038627,-0.139123361448783,-0.36800650349945974,-0.13808773110424374,-0.10420847827444768,-0.09676895957426282,2022-03-16
mStable USD,MUSD,-0.14296266960371395,-0.3254961664084738,-0.3510760922952358,-0.10311454562021288,-0.10468700912132929,-0.0967957059445782,2022-03-16
bZx Protocol,BZRX,-0.1431419151673329,0.45726961442222736,6.827418258295727,1.9952765834216393,-0.10476207500711243,-0.09682360826920673,2022-03-16
ShapeShift FOX Token,FOX,-0.1431211343981824,0.15907312648671848,-0.3849369147036837,-0.12497278654773218,-0.10454686592783549,-0.09682904102827458,2022-03-16
SingularityNET,AGIX,-0.14316238951716068,0.60636785838998,-0.4526585595205796,-0.2604938802983518,-0.1044473995291426,-0.09683067022209808,2022-03-16
Handshake,HNS,-0.14314664809798489,0.34544593144641295,-1.316109530936002,-0.5752525496546296,-0.10469062080893753,-0.0968351597373864,2022-03-16
Kin,KIN,-0.1431807427128706,-1.1828110692230511,1.1895913272891454,-0.13808773110424374,-0.10434434500362975,-0.09683915881115013,2022-03-16
RIZON,ATOLO,-0.1431729689156047,1.3518590782287432,-0.012467868210756397,-0.17306091658827463,-0.10464202903916539,-0.09685510210611536,2022-03-16
Vader Protocol,VADER,-0.14317761323583234,-1.8164786060859999,-2.027186801513409,-1.5763599841350133,-0.1042253010397614,-0.0968557874774983,2022-03-16
DeFi Pulse Index,DPI,-0.10927465452260596,0.7181915413657909,0.3092099446694991,0.1329544563969955,-0.10468696344964737,-0.09686124711800122,2022-03-16
Sai,SAI,-0.1429625236091268,-6.466105600944445e-17,0.0,0.0,0.0,-0.09686420341828847,2022-03-16
Sovryn,SOV,-0.14243222936879354,-0.139123361448783,-0.5203802043374738,-0.41350156679098676,-0.10461463944153981,-0.09686521312917798,2022-03-16
Badger DAO,BADGER,-0.14158332212809543,0.5318187364061038,0.05525377660613948,-0.12934443473323604,-0.10326658030402877,-0.09686581683044755,2022-03-16
TempleDAO,TEMPLE,-0.14303525968368885,0.4199950534302893,-0.4526585595205796,-0.21240575025780936,-0.10422093540692783,-0.09688121492151267,2022-03-16
Wrapped NXM,WNXM,-0.13736497329449793,0.6436424193819181,0.0044625429934675885,-0.08125630469269358,-0.10332518142161443,-0.09690886518665764,2022-03-16
Hifi Finance,MFT,-0.143179102734407,0.04724944351090773,-1.316109530936002,0.12421116002598775,-0.0836834399210972,-0.09691436809522384,2022-03-16
Dock,DOCK,-0.14317344551411348,0.5318187364061038,-0.43572814831635565,-0.10311454562021288,-0.10358735101230063,-0.09692193379884345,2022-03-16
Sifchain,EROWAN,-0.14316086937702516,0.60636785838998,-0.808197194809283,-0.20366245388680163,-0.103369607281543,-0.09692525820645327,2022-03-16
Retreeb,TREEB,-0.14313146684320177,0.9418389073174236,1.9175990090707744,0.20290082736505724,-0.10443384663877006,-0.09693043162016918,2022-03-16
Presearch,PRE,-0.1431415029344852,0.45726961442222736,-1.1129445964853146,-0.10311454562021288,-0.1045450053505078,-0.09693080448829385,2022-03-16
PlatonCoin,PLTC,-0.14304101937746874,-0.40004528839235004,-0.08018951302765227,0.44771312575327327,-0.10466043073976829,-0.09694449776506012,2022-03-16
Aave [OLD],LEND,-0.1428839614994478,0.60636785838998,0.9525655704300099,0.06300808542893374,-0.10476022221571907,-0.0969468126722026,2022-03-16
ShareToken,SHR,-0.1431791827673388,0.12179856549478403,-1.1806662413022102,-0.7064019952197454,-0.10468167097164979,-0.09694811142427595,2022-03-16
Circuits of Value,COVAL,-0.14317240168489376,-0.40004528839235004,0.1906970662399313,-0.2692371766693595,-0.10454416513654997,-0.096959796010795,2022-03-16
Travala.com,AVA,-0.14289050834192105,0.3081713704544748,-0.046328690619204305,0.11983951184048389,-0.10332910664894378,-0.09696730497933102,2022-03-16
Redacted Cartel,BTRFLY,-0.11824382871095868,-0.027299678472968582,-0.33414568109101184,-0.994930775463,-0.10455148746707726,-0.09696857579785835,2022-03-16
IRISnet,IRIS,-0.1431685910914239,0.45726961442222736,-0.5373106155416995,-0.22114904662881707,-0.1024866170814312,-0.0969701892363202,2022-03-16
ChainX,PCX,-0.14279448798564673,1.6500555661642484,2.5101634012186147,0.23787401284908807,-0.10460076358713086,-0.09697239001572618,2022-03-16
Index Coop - ETH 2x Flexible Leverage Index,ETH2X-FLI,-0.1287427817572275,1.4636827612045578,0.6139573463455305,0.4171115884547462,-0.10391219447468389,-0.0969726691407642,2022-03-16
cVault.finance,CORE,1.3338742015066414,0.23362224847059854,0.12297542142303536,-0.08562795287819745,-0.10465496536183201,-0.0969727949469324,2022-03-16
ThunderCore,TT,-0.14317903431558485,-0.139123361448783,-0.4526585595205796,-0.024424878281143432,-0.09983199370427423,-0.09698995316703013,2022-03-16
OpenDAO,SOS,-0.14318075131877075,0.7554661023577327,0.4954444679159627,-0.4965628823155602,-0.099548867698587,-0.09699802117472542,2022-03-16
Carry,CRE,-0.14317908452737946,0.15907312648671848,-0.791266783605059,-0.10748619380571675,-0.09927396984511848,-0.09701398227666867,2022-03-16
ARPA Chain,ARPA,-0.1431657996434351,0.6809169803738527,0.0383233654019155,-0.13808773110424374,-0.0993835840565653,-0.09701546456949921,2022-03-16
GuildFi,GF,-0.14284468044460832,-0.17639792244072117,-0.28335444747834154,0.07612302998544487,-0.10211664202289163,-0.09702919132969683,2022-03-16
EverRise,RISE,-0.14318054421476267,0.12179856549478403,0.9694959816342339,0.02803489994490287,-0.10460867566231277,-0.09702998459505884,2022-03-16
SuperRare,RARE,-0.14308077551484372,0.3081713704544748,0.08911459901458575,0.023663251759398582,-0.09880976142020235,-0.09703198857710951,2022-03-16
Oxygen,OXY,-0.143109666294222,0.19634768747866033,-0.3849369147036837,0.26410390196211125,-0.10459366707769749,-0.09704497764970664,2022-03-16
Bitcoin,BTC,8.771737570804484,-0.3254961664084738,-0.4018673259079077,-0.22114904662881707,7.317291483551171,20.314214410554275,2022-03-17
Ethereum,ETH,0.4731870089183376,-0.21367248343265932,0.08911459901458575,0.04552149268691832,4.83952692990794,8.819896424637445,2022-03-17
Tether,USDT,-0.1429625236091268,-0.36277072740041194,-0.4018673259079077,-0.10311454562021288,15.891709739238815,2.010862192755379,2022-03-17
BNB,BNB,-0.05815690849146881,-0.28822160541653563,-0.13098074664032416,-0.14683102747525148,0.4118911858799332,1.6256653866547637,2022-03-17
USD Coin,USDC,-0.14296258056665634,-0.40004528839235004,-0.4018673259079077,-0.10311454562021288,1.1892023880237417,1.2846475801283435,2022-03-17
XRP,XRP,-0.14300684005874056,-0.139123361448783,-0.13098074664032416,0.06300808542893374,1.2157102949172873,0.9097356004027746,2022-03-17
Terra,LUNA,-0.12405524254638038,-0.36277072740041194,-0.7404755499923872,-0.6189690315096682,0.45901637523772676,0.7496624734777022,2022-03-17
Solana,SOL,-0.1234049228607042,0.23362224847059854,0.5800965239370809,0.01929160357389472,0.5919082580320898,0.671123073066396,2022-03-17
Cardano,ADA,-0.1429977901401617,-0.28822160541653563,-0.09711992423187626,-0.15994597203176303,0.17957538993106933,0.6085523059768435,2022-03-17
Avalanche,AVAX,-0.1257705152743719,-0.28822160541653563,1.003356804042682,0.014919955388391299,0.3979531875357758,0.4610017769489815,2022-03-17
Polkadot,DOT,-0.1390606054950697,-0.3254961664084738,-0.0632591018234283,0.14169775276800275,0.1363595319824703,0.4448405109742569,2022-03-17
Binance USD,BUSD,-0.1429626244305009,-0.40004528839235004,-0.43572814831635565,-0.10748619380571675,1.2413181887599438,0.3697428357256107,2022-03-17
Dogecoin,DOGE,-0.14315525174013516,-0.3254961664084738,-0.21563280266144402,-0.2692371766693595,0.027179251172763586,0.3091707095139244,2022-03-17
TerraUSD,UST,-0.1429625236091268,-0.36277072740041194,-0.4187977371121317,-0.09437124924920516,0.10071280599336109,0.3003253893784119,2022-03-17
Shiba Inu,SHIB,-0.14318074681322765,-0.43731984938428825,-0.43572814831635565,-0.378528381306956,0.05324026102120866,0.2243190849586692,2022-03-17
Wrapped Bitcoin,WBTC,8.763946828261318,-0.40004528839235004,-0.4018673259079077,-0.2255206948143205,-0.011583805912596858,0.19426245124497793,2022-03-17
Cronos,CRO,-0.143092725029954,-0.40004528839235004,-0.33414568109101184,-0.15994597203176303,-0.08122896109079152,0.1698406770408352,2022-03-17
Polygon,MATIC,-0.14286213869120362,-0.027299678472968582,-0.19870239145722005,-0.2386356393708325,0.10709548371212509,0.1650718282387118,2022-03-17
Dai,DAI,-0.1429625236091268,-0.36277072740041194,-0.3849369147036837,-0.10311454562021288,-0.020138939463345017,0.14965639275616358,2022-03-17
Cosmos Hub,ATOM,-0.13696561590362966,-0.17639792244072117,-0.6050322603585953,-0.33481189945191736,0.07813410349022326,0.11856617430859324,2022-03-17
Litecoin,LTC,-0.11903599665022194,-0.43731984938428825,-0.21563280266144402,0.05863643724342988,0.09135287433678792,0.10462546603187066,2022-03-17
Lido Staked Ether,STETH,0.4732022848841084,-0.17639792244072117,0.10604501021881138,0.049893140872422186,-0.10222920676997986,0.09306401239857946,2022-03-17
Near,NEAR,-0.14080206559295427,-0.2509470444245975,0.0383233654019155,-0.378528381306956,0.0375607934710714,0.08934570707019462,2022-03-17
Chainlink,LINK,-0.14000771537286658,-0.2509470444245975,-0.24949362506989198,0.05863643724342988,0.0966158582146339,0.07982382563960622,2022-03-17
TRON,TRX,-0.1431674477960719,-0.3254961664084738,-0.33414568109101184,-0.09437124924920516,0.05176512876565321,0.06439023829706565,2022-03-17
FTX Token,FTT,-0.13379257958492777,-0.3254961664084738,-0.13098074664032416,-0.08562795287819745,-0.081919674234973,0.05687434797563812,2022-03-17
LEO Token,LEO,-0.14182119073795685,-0.21367248343265932,0.3430707670779469,0.19415753099404953,-0.10437359227879368,0.0548436250256249,2022-03-17
Bitcoin Cash,BCH,-0.07822516295280493,-0.28822160541653563,-0.3002848586825639,-0.25612223211284796,0.32751295434558414,0.0498992355339407,2022-03-17
OKB,OKB,-0.13882055460438386,-0.3254961664084738,0.42772282309906684,0.2247590682925765,-0.04296236026251844,0.03797315898546496,2022-03-17
Algorand,ALGO,-0.14301583738435153,0.12179856549478403,0.17376665503570732,-0.17743256477377847,-0.05461986097400801,0.03302491866245146,2022-03-17
Stellar,XLM,-0.1431391338504222,-0.2509470444245975,-0.046328690619204305,-0.06376971195067815,-0.03135779085553062,0.02447170280031938,2022-03-17
Uniswap,UNI,-0.14116868877145625,-0.28822160541653563,-0.0632591018234283,-0.0899996010637013,-0.0472924873505971,0.0120373212245744,2022-03-17
Hedera,HBAR,-0.14313570374142237,-0.3254961664084738,0.12297542142303536,-0.2386356393708325,-0.08637139130195017,0.008638424921475226,2022-03-17
Axie Infinity,AXS,-0.1320729422952874,-0.139123361448783,-0.232563213865668,0.08923797454195688,-0.021482155590204353,0.00041887929089197396,2022-03-17
Decentraland,MANA,-0.14264609288958638,-0.28822160541653563,-0.232563213865668,-0.18617586114478618,0.034999542947807834,-0.001281319134135469,2022-03-17
The Sandbox,SAND,-0.1424802395469307,-0.21367248343265932,0.3092099446694991,0.2597322537766074,0.27743977173667095,-0.0021923676606901243,2022-03-17
Internet Computer,ICP,-0.13950797306407514,-0.2509470444245975,0.17376665503570732,-0.26486552848385564,-0.054355058374611846,-0.003318874466428298,2022-03-17
Ethereum Classic,ETC,-0.13726458837657476,-0.21367248343265932,-0.3002848586825639,-0.2604938802983518,-0.012377179573416216,-0.003466808027393559,2022-03-17
Elrond,EGLD,-0.10844320552850319,-0.4745944103762264,-0.7404755499923872,0.42585488482575395,-0.045647290062891456,-0.006442753199002252,2022-03-17
Monero,XMR,-0.1022957204461213,-0.2509470444245975,-0.5711714379501475,-0.13371608291873946,-0.04596062063669456,-0.009641807363979737,2022-03-17
cETH,CETH,-0.1308465004719652,-0.3254961664084738,0.4785140567117387,0.05863643724342988,-0.104760373860202,-0.0105324207919395,2022-03-17
VeChain,VET,-0.14317012972126392,-0.21367248343265932,-0.13098074664032416,-0.09437124924920516,-0.022833020636364068,-0.013290903807525097,2022-03-17
Filecoin,FIL,-0.13932466147482414,-0.28822160541653563,0.0044625429934675885,-0.37415673312145215,-0.034429188266247183,-0.01590198339455603,2022-03-17
Fantom,FTM,-0.14291451343098963,-0.4745944103762264,-0.3849369147036837,-0.5708809014691257,0.13528272965045263,-0.01713764929019618,2022-03-17
Klaytn,KLAY,-0.14294070080088264,-0.21367248343265932,-0.43572814831635565,-0.24300728755633635,-0.09024989541327062,-0.018883589133558466,2022-03-17
Osmosis,OSMO,-0.14114468368238767,-0.28822160541653563,-0.5203802043374738,-0.43973145590400997,-0.08249602041299879,-0.019592352862275467,2022-03-17
Waves,WAVES,-0.13690014747889717,-0.2509470444245975,-0.28335444747834154,-0.06814136013618201,0.15945021838960052,-0.0231343314953031,2022-03-17
Frax,FRAX,-0.14296262377581664,-0.3254961664084738,-0.4018673259079077,-0.10748619380571675,-0.09898924206830112,-0.023188772556148814,2022-03-17
Theta Network,THETA,-0.14255443709496088,-0.2509470444245975,-0.08018951302765227,-0.3872716776779637,-0.06750732472777692,-0.023531924490588788,2022-03-17
Magic Internet Money,MIM,-0.1429628295648984,-0.3254961664084738,-0.3849369147036837,-0.1118578419912206,-0.08386301155008613,-0.025577138664624067,2022-03-17
Tezos,XTZ,-0.14250424463599928,-0.2509470444245975,-0.11405033543610019,-0.22114904662881707,-0.07773691407807828,-0.02706619001925115,2022-03-17
The Graph,GRT,-0.1430904489110541,0.08452400450284592,-1.4176919981613458,0.7406135541820318,-0.026795510258575326,-0.03149752233517909,2022-03-17
cUSDC,CUSDC,-0.14317582899737732,-0.28822160541653563,-0.3849369147036837,-0.09874289743470901,-0.10476165777454967,-0.03389953795260463,2022-03-17
THORChain,RUNE,-0.14141746878543976,-0.139123361448783,1.562060373782071,1.9253302124535772,0.034624521168416245,-0.03484045756642405,2022-03-17
Helium,HNT,-0.1381745994803565,-0.21367248343265932,0.5631661127328587,0.14606940095350707,-0.09697455289945271,-0.037954814010926534,2022-03-17
EOS,EOS,-0.14272465499926537,-0.139123361448783,-0.19870239145722005,-0.06376971195067815,-0.022009217311282227,-0.04455379665246173,2022-03-17
Flow,FLOW,-0.1419324870600021,0.009974882518969604,0.4785140567117387,-0.33481189945191736,-0.06174336019654427,-0.045351354521984154,2022-03-17
Aave,AAVE,-0.11106194251780326,-0.10184880045684858,0.8001918695919941,0.5657476267618774,0.04266403411688082,-0.04592251957570829,2022-03-17
IOTA,MIOTA,-0.1430249121809318,-0.36277072740041194,-0.3510760922952358,-0.24737893574184022,-0.09622466049218827,-0.046544981719698175,2022-03-17
ECOMI,OMI,-0.1431800117465824,-0.3254961664084738,-0.5203802043374738,-1.209141536552689,-0.1034273823216438,-0.046895664532884934,2022-03-17
cDAI,CDAI,-0.14317596422589063,-0.36277072740041194,-0.3849369147036837,-0.09874289743470901,-0.10476201306398762,-0.04804064425027526,2022-03-17
Theta Fuel,TFUEL,-0.14314488263279795,-0.17639792244072117,-0.19870239145722005,0.006176659017383589,-0.09920922081168343,-0.04916318841159174,2022-03-17
Maker,MKR,0.31052416082796436,-0.0645742394649067,0.4785140567117387,0.2772188465186228,-0.06960930987950789,-0.04947011634975516,2022-03-17
Zcash,ZEC,-0.10994025017405307,-0.36277072740041194,-0.012467868210756397,0.22913071647808037,0.02473125482150103,-0.04979249627336767,2022-03-17
PancakeSwap,CAKE,-0.1417600868748732,-0.28822160541653563,2.5101634012186147,0.08486632635645303,0.05818194425428308,-0.051251729067369724,2022-03-17
JUNO,JUNO,-0.13463493998315262,-0.2509470444245975,-0.046328690619204305,-0.41350156679098676,-0.10174830208305947,-0.05177634013116087,2022-03-17
Gala,GALA,-0.1431305168963589,-0.40004528839235004,-0.232563213865668,-0.16431762021726648,0.11229979506507322,-0.05305934320813357,2022-03-17
BitTorrent,BTT,-0.14318075129289262,-0.28822160541653563,-0.24949362506989198,-0.17743256477377847,-0.07862914808162094,-0.0544370855367149,2022-03-17
Arweave,AR,-0.13584392355987948,0.23362224847059854,0.17376665503570732,-0.5708809014691257,-0.09054669791285049,-0.054484490473993355,2022-03-17
Huobi BTC,HBTC,8.784327148880545,-0.40004528839235004,-0.5373106155416995,-0.22114904662881707,-0.10396687181483487,-0.055858824568024025,2022-03-17
Harmony,ONE,-0.1431521616304878,-0.10184880045684858,0.05525377660613948,-0.25612223211284796,-0.08072030288268488,-0.058039403864389744,2022-03-17
Quant,QNT,-0.11815871975880642,-0.17639792244072117,-0.09711992423187626,-0.25612223211284796,-0.09701480632501171,-0.05829862093770995,2022-03-17
eCash,XEC,-0.14318073428129102,-0.43731984938428825,-0.28335444747834154,0.0979812709129646,-0.09620456640203871,-0.05886192477614824,2022-03-17
Bitcoin SV,BSV,-0.12613932073369832,-0.28822160541653563,-0.1817719802529961,-0.3872716776779637,-0.07469608624645929,-0.059738235229039684,2022-03-17
NEO,NEO,-0.13867434178914798,-0.3254961664084738,0.0383233654019155,-0.23426399118532865,-0.05719087871267619,-0.06045939048393337,2022-03-17
Huobi Token,HT,-0.14119269386052485,-0.36277072740041194,-0.1817719802529961,-0.10748619380571675,-0.09411025663018573,-0.061471443845898664,2022-03-17
TrueUSD,TUSD,-0.1429625236091268,-0.36277072740041194,-0.4018673259079077,-0.10748619380571675,-0.06971348191133307,-0.061608360384749795,2022-03-17
Xido Finance,XIDO,-0.13255740863830792,1.3891336392206812,9.366979938929324,5.829212042108523,-0.10422208626081744,-0.06224146108023827,2022-03-17
Celsius Network,CEL,-0.14246714586198422,-0.3254961664084738,0.10604501021881138,0.14169775276800275,-0.1034178336778598,-0.0622651850250925,2022-03-17
KuCoin Token,KCS,-0.13921118287195447,-0.5864180933520409,-0.5881018491543712,-0.24300728755633635,-0.10150432359577623,-0.06232292416447123,2022-03-17
Enjin Coin,ENJ,-0.1428708678145013,-0.21367248343265932,-0.11405033543610019,-0.011309933724631847,-0.06375105507353314,-0.06378333563838318,2022-03-17
Stacks,STX,-0.14290578430769196,-0.21367248343265932,-0.3849369147036837,0.4171115884547462,-0.09591357435532516,-0.06386693506022573,2022-03-17
Humans.ai,HEART,-0.14317170491315556,-0.5864180933520409,-1.4684832317740177,-2.542494233131366,-0.10443627376243775,-0.06434122710240349,2022-03-17
Celo,CELO,-0.14252388516341905,-1.2946347521988657,2.8995628589157665,0.08923797454195688,0.16582247897767674,-0.06476127616992676,2022-03-17
Basic Attention Token,BAT,-0.14299500838679483,-0.28822160541653563,0.1906970662399313,0.950452667086217,-0.029519728942082053,-0.06523571271954505,2022-03-17
Radix,XRD,-0.14315265329835755,0.38272049243835116,0.4954444679159627,0.22038742010707263,-0.10468168075843878,-0.06557020449193797,2022-03-17
NEXO,NEXO,-0.14269846762937238,-0.139123361448783,-0.1648415690487738,-0.01568158191013571,-0.1027945529596629,-0.06615900266234499,2022-03-17
Kusama,KSM,-0.11372214284276723,-0.10184880045684858,0.6816789911624264,-0.10311454562021288,-0.07939045985925973,-0.0669109461033256,2022-03-17
Amp,AMP,-0.14317526868234642,-0.43731984938428825,-0.31721526988678783,-0.24737893574184022,-0.10231379398715626,-0.06702257191998177,2022-03-17
Chiliz,CHZ,-0.14313639137811016,0.3081713704544748,0.021392954197691574,-0.046283119208662724,-0.06557555757208318,-0.07026753328967883,2022-03-17
Kadena,KDA,-0.14181900845713244,-0.0645742394649067,-0.3510760922952358,-0.33481189945191736,-0.0871513389381801,-0.07063445030651161,2022-03-17
Dash,DASH,-0.12203226822214609,-0.28822160541653563,-0.5203802043374738,-0.22989234299982433,-0.044805295634406675,-0.07169524468146506,2022-03-17
Frax Share,FXS,-0.13931593235152648,-0.28822160541653563,-0.5711714379501475,-0.1555743238462592,-0.10362580983073914,-0.07185882378999352,2022-03-17
Convex Finance,CVX,-0.1390977042690848,-0.139123361448783,0.0044625429934675885,0.31219203200265366,-0.09670702776035105,-0.0721298708515676,2022-03-17
BitDAO,BIT,-0.14293197167758498,-0.2509470444245975,-0.19870239145722005,-0.09874289743470901,-0.08941520229184051,-0.07216911377503639,2022-03-17
Pax Dollar,USDP,-0.14296262181176392,-0.40004528839235004,-0.4018673259079077,-0.10748619380571675,-0.0787766643519553,-0.0725917607149452,2022-03-17
Synthetix Network Token,SNX,-0.1422030898822298,-0.3254961664084738,0.5970269351413064,-0.3654134367504444,-0.06853638891550594,-0.07350007956591366,2022-03-17
GateToken,GT,-0.14180155021053711,-0.5118689713681646,-0.9267100732388508,-0.3216969548954058,-0.1022987904771723,-0.07354756364823917,2022-03-17
Loopring,LRC,-0.14302462171935407,-0.40004528839235004,-0.28335444747834154,-0.24737893574184022,-0.0712580630338772,-0.07532287456313189,2022-03-17
NEM,XEM,-0.14315940622945503,-0.2509470444245975,-0.46958897072480354,-0.22114904662881707,-0.10010281554136835,-0.07560620659834506,2022-03-17
Mina Protocol,MINA,-0.14273993096503632,-0.8473400202956078,1.5959211961905206,0.19415753099404953,-0.056641715522286334,-0.07637208061971924,2022-03-17
Curve DAO Token,CRV,-0.1427159258759677,-0.43731984938428825,0.5462357015286329,-0.15120267566075535,-0.045697070021340824,-0.07672828225465049,2022-03-17
Oasis Network,ROSE,-0.14313098324977108,-0.28822160541653563,-0.36800650349945974,-0.3085820103388942,-0.08797534923572524,-0.07783925603609278,2022-03-17
ApeCoin,APE,-0.14149603089511878,1.5009573221964958,-4.71912218298502,0.0,0.30468204737778637,-0.07786626869569246,2022-03-17
Secret,SCRT,-0.14214853286161935,-0.21367248343265932,0.07218418781036176,-0.1118578419912206,-0.10188696348420659,-0.07812913483176236,2022-03-17
LINK,LN,-0.11452522218615258,-0.3254961664084738,-0.11405033543610019,-0.006938285539127999,-0.10402734075922153,-0.07813063795638993,2022-03-17
cUSDT,CUSDT,-0.14317600121439686,-0.36277072740041194,-0.4018673259079077,-0.10311454562021288,-0.1047601526497731,-0.0783681534788484,2022-03-17
Compound,COMP,-0.11804742343676117,-0.3254961664084738,0.4615836455075147,0.09360962272746075,-0.08473243544829974,-0.07861446078243517,2022-03-17
Anchor Protocol,ANC,-0.1425588016566097,-0.5491435323601027,-1.8070914558584972,-1.5676166877640054,-0.0765401003399776,-0.07893002789303195,2022-03-17
Decred,DCR,-0.13164957981535055,-0.8100654593036698,-1.5869961102035857,-0.36104178856494057,-0.10087423924686813,-0.0794952156150547,2022-03-17
IoTeX,IOTX,-0.14316391363455452,-0.9218891422794842,-0.28335444747834154,0.15044104913901046,-0.08525551467120904,-0.07950431445476704,2022-03-17
Holo,HOT,-0.1431798586042681,-0.28822160541653563,-0.6219626715628193,-0.2167773984433132,-0.0881515132497799,-0.07965959948325742,2022-03-17
Bitkub Coin,KUB,-0.14145020299780603,-0.43731984938428825,-0.33414568109101184,-0.29983871396788647,-0.10371898767380024,-0.08026774965663026,2022-03-17
yearn.finance,YFI,4.0839430331009225,-0.5118689713681646,-0.0632591018234283,-0.31732530670990194,-0.07583847891329087,-0.08057451367590591,2022-03-17
Neutrino USD,USDN,-0.1429625236091268,-0.40004528839235004,-0.4526585595205796,-0.06814136013618201,-0.10256271299050737,-0.08073136950606144,2022-03-17
Nexus Mutual,NXM,-0.12240980280477019,-0.139123361448783,0.10604501021881138,0.049893140872422186,-0.10475425343435543,-0.08154002754076671,2022-03-17
XDC Network,XDC,-0.1431693385773955,0.08452400450284592,0.17376665503570732,-0.3479268440084285,-0.10130321160671031,-0.08182336086481581,2022-03-17
Smooth Love Potion,SLP,-0.14317700430988872,-0.2509470444245975,0.24148829985260314,-0.3829000294924599,-0.018750316985290526,-0.08186593824355409,2022-03-17
WAX,WAXP,-0.14312033350111986,-0.3254961664084738,-0.232563213865668,-0.2779804730403672,-0.09733842100166716,-0.08230310457775596,2022-03-17
Qtum,QTUM,-0.1418779300393917,-0.2509470444245975,-0.3510760922952358,-0.15994597203176303,-0.08243223954672568,-0.08243292878401172,2022-03-17
Sushi,SUSHI,-0.1424802395469307,0.08452400450284592,0.07218418781036176,-0.06376971195067815,-0.05448489136714933,-0.08251659961788577,2022-03-17
PAX Gold,PAXG,0.2814976435823977,-0.43731984938428825,-0.31721526988678783,-0.2080341020723055,-0.0967735721258539,-0.08252624808036427,2022-03-17
1inch,1INCH,-0.1428555918487304,-0.0645742394649067,-0.4526585595205796,0.2772188465186228,-0.08151115263936773,-0.08253281864483118,2022-03-17
renBTC,RENBTC,8.77244681207242,-0.28822160541653563,-0.24949362506989198,-0.2167773984433132,-0.10103753508330536,-0.08263699157046557,2022-03-17
Livepeer,LPT,-0.13781888770597658,0.12179856549478403,0.13990583262725934,-0.20366245388680163,-0.1006860001475773,-0.08265304586313722,2022-03-17
Marinade staked SOL,MSOL,-0.12273059808595943,0.12179856549478403,0.5800965239370809,0.014919955388391299,-0.0996408102313943,-0.08278658139080881,2022-03-17
Bancor Network Token,BNT,-0.14267446254030378,-0.17639792244072117,-0.1817719802529961,-0.05502641557967044,-0.0982058219343507,-0.08311237149537727,2022-03-17
Ankr,ANKR,-0.1431648792442078,-0.3254961664084738,-0.28335444747834154,-0.3216969548954058,-0.09704956247495182,-0.08313439133610755,2022-03-17
Pocket Network,POKT,-0.14302843372749816,-0.4745944103762264,-0.4018673259079077,-0.4484747522750177,-0.10436808775370149,-0.08331604231789251,2022-03-17
Zilliqa,ZIL,-0.14317168150737536,-0.28822160541653563,-0.1817719802529961,-0.09874289743470901,-0.09382714838570815,-0.0833811286374442,2022-03-17
OMG Network,OMG,-0.14227946971108438,-0.2509470444245975,-0.31721526988678783,0.05863643724342988,-0.07740794095321804,-0.08354523559004191,2022-03-17
Gnosis,GNO,-0.07635931284792864,-0.3254961664084738,0.021392954197691574,-0.21240575025780936,-0.10432986128088288,-0.08374020124646372,2022-03-17
Render Token,RNDR,-0.14264391060876197,-0.3254961664084738,-0.21563280266144402,-0.4222448631619945,-0.09753428364710175,-0.08381373956790877,2022-03-17
Fei USD,FEI,-0.1429625236091268,-0.28822160541653563,-0.3510760922952358,-0.06376971195067815,-0.10258425443800535,-0.08402285054057138,2022-03-17
ICON,ICX,-0.14301811481261992,-0.28822160541653563,-0.5881018491543712,-0.5490226605416064,-0.09490821993256425,-0.08436498279537047,2022-03-17
SafeMoon,SFM,-0.14318054174040604,0.08452400450284592,-1.4854136429782419,-0.7676050698167994,-0.10464960691362722,-0.08446261151191754,2022-03-17
Ravencoin,RVN,-0.14316949675684257,-0.2509470444245975,-0.4526585595205796,-0.39601497404897146,-0.09966710153381182,-0.08457204394024725,2022-03-17
IOST,IOST,-0.1431757757349337,-0.36277072740041194,-0.232563213865668,-0.22114904662881707,-0.09146267575388588,-0.08493114871755944,2022-03-17
Bitcoin Gold,BTG,-0.13665136746491366,-0.36277072740041194,-0.28335444747834154,-0.2604938802983518,-0.10252313739070384,-0.08499552096940172,2022-03-17
Kava,KAVA,-0.1424802395469307,-0.3254961664084738,-0.1817719802529961,-0.1424593792897476,-0.09921594796045112,-0.08516824999762969,2022-03-17
Rally,RLY,-0.14313792290279273,0.19634768747866033,1.1218696824722496,-0.10748619380571675,-0.10221267470854631,-0.08534999727387038,2022-03-17
e-Radix,EXRD,-0.1431527855445755,-0.027299678472968582,0.44465323430329085,0.23787401284908807,-0.10395138621487511,-0.08541159739744916,2022-03-17
UMA,UMA,-0.141502577737592,-0.4745944103762264,-0.5034497931332514,-0.30421036215339037,-0.08210550469675312,-0.0855222130297659,2022-03-17
OEC Token,OKT,-0.13598577181346655,-0.3254961664084738,0.0044625429934675885,-0.4659613450170331,-0.10349171052315258,-0.08554711860044072,2022-03-17
Songbird,SGB,-0.14316685100443308,-0.2509470444245975,-0.1648415690487738,-0.6145973833241638,-0.10434815858906997,-0.08574244718253862,2022-03-17
WOO Network,WOO,-0.14306899883637475,-0.21367248343265932,0.2753491222610511,-0.024424878281143432,-0.08671076270886756,-0.08590807056896757,2022-03-17
Moonbeam,GLMR,-0.14265482201288407,-0.5118689713681646,-0.1648415690487738,-0.45284640046052155,-0.0885319648846885,-0.08599456295401751,2022-03-17
Velas,VLX,-0.14313420495095217,-0.28822160541653563,-0.3849369147036837,-0.31732530670990194,-0.10352402940016237,-0.08600609172290319,2022-03-17
Tether Gold,XAUT,0.2841512970648884,-0.3254961664084738,-0.33414568109101184,-0.20366245388680163,-0.1037937982512567,-0.08606954166797406,2022-03-17
Horizen,ZEN,-0.13457383612006896,-0.3254961664084738,-0.046328690619204305,-0.33918354763742126,-0.09545228746815718,-0.08614895666040429,2022-03-17
Sapphire,SAPP,-0.14305641253171994,-0.17639792244072117,-0.19870239145722005,-0.29983871396788647,-0.10467439540022543,-0.08618320829056456,2022-03-17
Rocket Pool,RPL,-0.13684995501993558,-0.2509470444245975,-0.9775013068515227,0.023663251759398582,-0.10412159877380738,-0.08642062228431527,2022-03-17
Golem,GLM,-0.143078936506793,-0.3254961664084738,-0.3510760922952358,-0.48781958594455244,-0.10038121235313498,-0.08650948486493873,2022-03-17
Liquity USD,LUSD,-0.1429603413283024,-0.3254961664084738,-0.36800650349945974,-0.09874289743470901,-0.10338888109378634,-0.08653598625121679,2022-03-17
Audius,AUDIO,-0.14301852922774846,-0.3254961664084738,-0.232563213865668,-0.30421036215339037,-0.10237858216774723,-0.08673493396350754,2022-03-17
STEPN,GMT,-0.14301464062154745,0.12179856549478403,6.793557435887279,20.04144029318157,0.38766971031296804,-0.08677424874615498,2022-03-17
Baby Doge Coin,BABYDOGE,-0.1431807516909509,-0.21367248343265932,-0.6050322603585953,-0.41350156679098676,-0.10119882245315918,-0.08694125828877539,2022-03-17
Siacoin,SC,-0.1431788040262218,-0.139123361448783,-0.36800650349945974,-0.35667014037943623,-0.10170666328314895,-0.08697630528851959,2022-03-17
Ontology,ONT,-0.1430694767558753,-0.21367248343265932,-0.046328690619204305,-0.22114904662881707,-0.09515495938176158,-0.08702652296554464,2022-03-17
0x,ZRX,-0.1430676746283705,-0.2509470444245975,-0.13098074664032416,-0.14683102747525148,-0.09598140731471072,-0.08722473585723726,2022-03-17
Metis Token,METIS,-0.1112627123536496,-0.10184880045684858,-0.4187977371121317,-0.43098815953300224,-0.09160971899608607,-0.0872299246317732,2022-03-17
APENFT,NFT,-0.14318075135573685,-0.3254961664084738,-0.232563213865668,-0.3304402512664135,-0.08559158213066065,-0.0875539323551622,2022-03-17
Synapse,SYN,-0.14265263973205963,-0.21367248343265932,1.477408317760953,-0.15120267566075535,-0.10157755886268016,-0.0875724407755593,2022-03-17
dYdX,DYDX,-0.14213325689584846,-0.36277072740041194,0.17376665503570732,-0.33481189945191736,-0.07411766055701155,-0.08797607788528965,2022-03-17
SwissBorg,CHSB,-0.14308764773538787,-0.5118689713681646,-0.43572814831635565,-0.43973145590400997,-0.10450203300997998,-0.08804366394157695,2022-03-17
Everdome,DOME,-0.1431703026241191,-1.2946347521988657,1.8160165418454324,0.06300808542893374,-0.08320907715890116,-0.08805228635914326,2022-03-17
SKALE,SKL,-0.1431539015629891,-0.28822160541653563,-0.8420580172177308,-0.15994597203176303,-0.10169598154668497,-0.08826632841806462,2022-03-17
Dogelon Mars,ELON,-0.14318075153511814,-0.139123361448783,-0.5711714379501475,-0.25612223211284796,-0.10182992245327949,-0.08838060800050114,2022-03-17
Convex CRV,CVXCRV,-0.14272247271844096,0.45726961442222736,1.003356804042682,-0.006938285539127999,-0.10465912438467595,-0.08840310857703239,2022-03-17
Olympus,OHM,-0.1371030995955679,-0.28822160541653563,-0.48651938192902755,-0.7457468288892801,-0.10156834659445822,-0.08848551477353102,2022-03-17
Constellation,DAG,-0.14314823199740728,-0.40004528839235004,-0.7404755499923872,0.4433414775677694,-0.1044266402998159,-0.08886353626920158,2022-03-17
Immutable X,IMX,-0.14283376904048622,-0.3254961664084738,-0.232563213865668,-0.09874289743470901,-0.07758018626446934,-0.08893390237088734,2022-03-17
Gemini Dollar,GUSD,-0.14296271935971674,-0.40004528839235004,-0.43572814831635565,-0.10748619380571675,-0.10381973867916551,-0.08901737351410095,2022-03-17
JUST,JST,-0.14316984287123263,-0.17639792244072117,-0.02939827941498038,-0.29546706578238263,-0.08792734286092371,-0.08916865554971427,2022-03-17
NuCypher,NU,-0.1430884305195196,-0.21367248343265932,-0.2664240362741159,-0.5708809014691257,-0.10314986487099093,-0.08933753548259604,2022-03-17
Polymath,POLY,-0.1430943170038154,-0.28822160541653563,0.08911459901458575,-0.3085820103388942,-0.09885554111927351,-0.08939905127948129,2022-03-17
Ethereum Name Service,ENS,-0.13988550764669924,-0.4745944103762264,0.86791351440889,0.023663251759398582,-0.05734961608028955,-0.08955600834901407,2022-03-17
Illuvium,ILV,-0.02453232554885604,-0.10184880045684858,0.36000117828217093,0.006176659017383589,-0.10078452193989654,-0.08957906475576616,2022-03-17
REN,REN,-0.14310591037069512,-0.28822160541653563,-0.21563280266144402,-0.7719767180023033,-0.08827347331429142,-0.0897426308181187,2022-03-17
Decentralized Social,DESO,-0.1360708807656188,-1.0709873862472368,-1.0452229516684186,0.12858280821149162,-0.1045207087406744,-0.08974297917205797,2022-03-17
Keep Network,KEEP,-0.14304462254133796,-0.3254961664084738,-0.012467868210756397,-0.3916433258634676,-0.10408678354065969,-0.08976293474477949,2022-03-17
Hive,HIVE,-0.14297955020057507,-0.2509470444245975,0.6647485799582024,-0.06814136013618201,-0.09479678356599834,-0.08976603981355667,2022-03-17
Flux,FLUX,-0.1428686855336769,-0.28822160541653563,-0.3510760922952358,0.08923797454195688,-0.1007208715641432,-0.0901337745573313,2022-03-17
Nervos Network,CKB,-0.14317838967578367,-0.28822160541653563,0.0383233654019155,-0.21240575025780936,-0.10262858859209642,-0.09018872775949019,2022-03-17
Nano,XNO,-0.14265045745123522,0.5690932973980419,1.3081042057187116,1.6149431912828032,-0.005939725196716758,-0.09021999489278945,2022-03-17
HUSD,HUSD,-0.1429626440710283,-0.40004528839235004,-0.4018673259079077,-0.10311454562021288,-0.09697211453910139,-0.09030982570482776,2022-03-17
Lido DAO,LDO,-0.14254789025248762,0.23362224847059854,-0.808197194809283,0.8979928888601703,-0.1023885781040351,-0.09034703692312204,2022-03-17
DeFi Kingdoms,JEWEL,-0.14223582409459604,-0.10184880045684858,0.4954444679159627,-0.5096778268720717,-0.09985716315069541,-0.0903741904077739,2022-03-17
Ultra,UOS,-0.14292542483511173,-0.17639792244072117,0.0044625429934675885,-0.2692371766693595,-0.10324145000476352,-0.09042722298137301,2022-03-17
Spell Token,SPELL,-0.14317999299111236,-0.10184880045684858,-0.7404755499923872,-0.5796241978401334,-0.08771540595829574,-0.09043867331538653,2022-03-17
Telcoin,TEL,-0.1431796275484854,0.04724944351090773,0.4615836455075147,-0.16431762021726648,-0.10396832497176195,-0.09043914647598858,2022-03-17
Syscoin,SYS,-0.143072218355275,0.34544593144641295,0.6478181687539785,-0.29109541759687874,-0.10053410338298908,-0.09045730262333307,2022-03-17
FLEX Coin,FLEX,-0.14231875076592387,-0.36277072740041194,-0.4187977371121317,-0.07688465650718974,0.37410635496322125,-0.09058156087327329,2022-03-17
ConstitutionDAO,PEOPLE,-0.14316744028082662,-0.21367248343265932,-0.33414568109101184,-0.3435551958229251,-0.05076590937892917,-0.09063734829421334,2022-03-17
Kyber Network Crystal,KNC,-0.14252388516341905,0.009974882518969604,-0.7066147275839392,-0.29109541759687874,-0.09754247410205916,-0.0906617420129055,2022-03-17
LooksRare,LOOKS,-0.1429079665885164,0.3081713704544748,-0.8759188396261771,0.3296786247446691,-0.08555731024553834,-0.09070662603971524,2022-03-17
Tomb,TOMB,-0.14292106027346288,-0.5118689713681646,-0.14791115784454817,-0.5446510123561021,-0.10083428051239961,-0.09073567182483923,2022-03-17
Lisk,LSK,-0.14272247271844096,-0.5118689713681646,0.10604501021881138,-0.12497278654773218,-0.10152056821559263,-0.0907727767010181,2022-03-17
DigitalBits,XDB,-0.14309453872354716,-0.5118689713681646,-0.14791115784454817,0.8018166287790858,-0.1041938238266041,-0.09082662489733714,2022-03-17
DigiByte,DGB,-0.1431764009902813,-0.21367248343265932,-0.1648415690487738,-0.25612223211284796,-0.10036890745959455,-0.09082919470466279,2022-03-17
Persistence,XPRT,-0.14239294831395405,-0.40004528839235004,1.1388000936764735,0.20290082736505724,-0.10269427824469478,-0.09091534888864423,2022-03-17
PlayDapp,PLA,-0.14300343199077709,-0.28822160541653563,-0.13098074664032416,-0.2255206948143205,-0.09682394545369453,-0.09101534264542112,2022-03-17
Tenset,10SET,-0.14246278130033538,-0.3254961664084738,-0.3510760922952358,1.4051040783786184,-0.10391157391976766,-0.09114218359104624,2022-03-17
Stargaze,STARS,-0.143096131788549,-0.3254961664084738,-0.9944317180557467,-1.0167890163905193,-0.10424648073854068,-0.09117452837530034,2022-03-17
Ronin,RON,-0.14275957149245605,-0.36277072740041194,0.20762747744415516,-0.2736088248548634,-0.10391510731306404,-0.09126325063062433,2022-03-17
Trust Wallet Token,TWT,-0.14300283688279625,-0.5864180933520409,1.7990861306412085,0.3733951065997077,-0.095143872399739,-0.09129433101422797,2022-03-17
Casper Network,CSPR,-0.1431660635052416,0.15907312648671848,0.6478181687539785,0.05863643724342988,-0.10100632682560827,-0.09139720702898321,2022-03-17
Tokemak,TOKE,-0.13792145490472418,-0.139123361448783,-1.1129445964853146,-0.6189690315096682,-0.10255721426499384,-0.09139967028377124,2022-03-17
SafeMoon [OLD],SAFEMOON,-0.1431807515790887,-0.28822160541653563,-0.0632591018234283,-0.1424593792897476,-0.10476176236995073,-0.09146799389614516,2022-03-17
Radio Caca,RACA,-0.14318045983541466,-0.36277072740041194,-0.33414568109101184,0.26410390196211125,-0.09854687231928912,-0.09148569382187408,2022-03-17
Pirate Chain,ARRR,-0.14286650325285247,-0.4745944103762264,-0.3510760922952358,0.8630197033761399,-0.10433226375634128,-0.09152278896602656,2022-03-17
SXP,SXP,-0.14287305009532572,-0.17639792244072117,0.44465323430329085,0.09360962272746075,-0.07997744572680424,-0.0915842181741797,2022-03-17
MAI,MIMATIC,-0.1429625236091268,-0.28822160541653563,-0.3510760922952358,-0.06814136013618201,-0.10267521249233573,-0.09168130986698937,2022-03-17
Floki Inu,FLOKI,-0.14318074538937017,-0.36277072740041194,-0.08018951302765227,-0.5184211232430794,-0.10210936681394092,-0.0918230289241398,2022-03-17
Injective,INJ,-0.14200232004638347,-0.0645742394649067,-0.1648415690487738,-0.05502641557967044,-0.09534108308473752,-0.09186259316229614,2022-03-17
Mobox,MBOX,-0.14272029043761655,-0.5118689713681646,0.15683624383148334,0.14169775276800275,-0.08932276788226842,-0.09189966810591817,2022-03-17
MXC,MXC,-0.1431576199512858,-0.5491435323601027,-0.11405033543610019,0.6356939977299387,-0.09646942590980044,-0.09196912555197224,2022-03-17
Everscale,EVER,-0.1431387013223628,-0.36277072740041194,-0.6388930827670416,-0.15120267566075535,-0.10475666588871385,-0.09197724540243514,2022-03-17
Perpetual Protocol,PERP,-0.14231875076592387,-0.21367248343265932,-0.012467868210756397,-0.17743256477377847,-0.10141658430760012,-0.09200627301234228,2022-03-17
Zenon,ZNN,-0.14204378338204737,-0.10184880045684858,-0.8420580172177308,-0.6014824387676527,-0.10474825960243675,-0.09200865993648008,2022-03-17
WINkLink,WIN,-0.14318069366806002,-0.36277072740041194,-0.4187977371121317,-0.29109541759687874,-0.07625709757533683,-0.09204069834602226,2022-03-17
Coin98,C98,-0.14288177921862338,-0.2509470444245975,-0.012467868210756397,0.05426478905792601,-0.09285661970783123,-0.09209182759828691,2022-03-17
WazirX,WRX,-0.1430592488421074,-0.40004528839235004,-0.43572814831635565,-0.6408272724371875,-0.10245542042289142,-0.09209195245755523,2022-03-17
Serum,SRM,-0.1427661183349293,-0.17639792244072117,-0.09711992423187626,-0.17306091658827463,-0.09427407334128104,-0.09211103393649014,2022-03-17
Lido Staked SOL,STSOL,-0.12282661844223378,0.15907312648671848,0.6816789911624264,0.01929160357389472,-0.10320101606731885,-0.09212733192436319,2022-03-17
Zipmex Token,ZMT,-0.14256098393743413,-0.43731984938428825,-0.09711992423187626,-0.0899996010637013,-0.09950340625139463,-0.09213050843147463,2022-03-17
Mirror Protocol,MIR,-0.1428075816705932,-0.17639792244072117,-0.33414568109101184,-0.8419230889703646,-0.0866438899422233,-0.09222950036819422,2022-03-17
Creditcoin,CTC,-0.14292542483511173,-0.40004528839235004,0.13990583262725934,-0.01568158191013571,-0.10363093520837668,-0.09239062958374385,2022-03-17
Tribe,TRIBE,-0.14306472440292395,-0.5491435323601027,-0.7574059611966111,-0.28235212122587067,-0.1018332068271673,-0.09240875432557615,2022-03-17
VVS Finance,VVS,-0.14318074688249477,-0.36277072740041194,-0.6219626715628193,-0.6670571615502107,-0.10375478376068817,-0.09256636791234875,2022-03-17
Metahero,HERO,-0.14317099746146722,-0.5491435323601027,-0.5711714379501475,-0.6714288097357145,-0.10193901651501557,-0.09260093609639448,2022-03-17
Yield Guild Games,YGG,-0.14260244727309807,0.45726961442222736,1.2234521496975934,-0.15994597203176303,-0.09298220668384495,-0.09267213373397848,2022-03-17
Function X,FX,-0.14307375729971242,-0.6609672153359171,-0.3510760922952358,-0.21240575025780936,-0.10375088354404179,-0.09271592940460435,2022-03-17
API3,API3,-0.14216817338903912,-0.2509470444245975,-0.6050322603585953,-0.7413751807037762,-0.09363839819854823,-0.09271658910447983,2022-03-17
Dent,DENT,-0.14318022672469485,-0.43731984938428825,-0.012467868210756397,-0.28672376941137495,-0.09919211169217357,-0.0927176814060798,2022-03-17
Raydium,RAY,-0.14263081692381546,-0.139123361448783,-0.33414568109101184,-0.14683102747525148,-0.09730276229229864,-0.09273708199026927,2022-03-17
Fetch.ai,FET,-0.14310808021251883,0.009974882518969604,-0.13098074664032416,-0.3654134367504444,-0.09815820231895082,-0.09274242174272815,2022-03-17
Escoin Token,ELG,-0.14245841673868656,-0.17639792244072117,-0.6558234939712673,-0.02879652646664728,-0.10449961458568029,-0.0927581035092112,2022-03-17
Euro Tether,EURT,-0.1429385185200582,-0.36277072740041194,-0.3002848586825639,-0.0899996010637013,-0.09942735601400036,-0.09276765312586488,2022-03-17
CoinEx Token,CET,-0.14316740908197734,-0.40004528839235004,-0.4018673259079077,0.11109621546947619,-0.1045715369729659,-0.09279873161566879,2022-03-17
Astroport,ASTRO,-0.14278575886234907,-0.43731984938428825,-2.1626300911472,0.31219203200265366,-0.10158691974510516,-0.09280300194994111,2022-03-17
Chromia,CHR,-0.14309356804503645,-0.3254961664084738,0.4954444679159627,-0.01568158191013571,-0.08364275805166496,-0.0928086469723954,2022-03-17
Chia,XCH,-0.12877988053124256,-0.4745944103762264,-0.14791115784454817,-0.43973145590400997,-0.10146997414128939,-0.09284472085874056,2022-03-17
xSUSHI,XSUSHI,-0.14230347480015296,0.08452400450284592,0.5800965239370809,-0.006938285539127999,-0.1046693657156357,-0.09284772634521525,2022-03-17
Cratos,CRTS,-0.14318004539024023,-0.2509470444245975,1.2742433833102653,-0.22114904662881707,-0.09877483635753388,-0.09290417065163396,2022-03-17
Status,SNT,-0.143168239472979,-0.43731984938428825,-0.232563213865668,-0.4790762895735447,-0.10159643576625921,-0.09291295241140536,2022-03-17
Telos,TLOS,-0.142993378223019,-0.3254961664084738,0.3769315894863949,-0.36104178856494057,-0.1033889807740445,-0.09293389686321937,2022-03-17
Power Ledger,POWR,-0.14306911515194268,-0.28822160541653563,-0.1817719802529961,-0.2779804730403672,-0.09346356555026886,-0.09298957712665802,2022-03-17
Astar,ASTR,-0.14315723652454498,-0.40004528839235004,0.3430707670779469,0.014919955388391299,-0.10152996860764722,-0.09303926748566928,2022-03-17
Medibloc,MED,-0.1431719305757007,-0.3254961664084738,-0.28335444747834154,-0.15994597203176303,-0.1031058449815683,-0.0930599661117572,2022-03-17
Celer Network,CELR,-0.14317238987826328,-0.027299678472968582,0.20762747744415516,-0.2692371766693595,-0.09397249561362502,-0.093082235802538,2022-03-17
COTI,COTI,-0.14313606840054813,-0.3254961664084738,-0.13098074664032416,-0.24300728755633635,-0.10035350269126232,-0.09311773484175671,2022-03-17
Vulcan Forged,PYR,-0.1412385217578376,-0.3254961664084738,-0.012467868210756397,-0.5227927714285834,-0.0974018462812739,-0.09317700864278908,2022-03-17
Dopex,DPX,0.11299719428670982,-0.10184880045684858,0.3092099446694991,-0.0725130083216863,-0.10364623594676678,-0.09320076946413249,2022-03-17
Energy Web Token,EWT,-0.14208306443688687,-0.36277072740041194,0.021392954197691574,-0.19054750933029005,-0.10429860553913553,-0.09322235449370525,2022-03-17
PLEX,PLEX,-0.14299362285669942,0.5318187364061038,0.44465323430329085,0.5176594967213349,-0.09935832290430661,-0.09325024214138587,2022-03-17
Orbs,ORBS,-0.1431649786042027,-0.40004528839235004,-0.3849369147036837,-0.13808773110424374,-0.10283617363589014,-0.0932675465259989,2022-03-17
Alchemix USD,ALUSD,-0.14296278679219424,-0.36277072740041194,-0.4018673259079077,-0.09874289743470901,-0.10471033103947477,-0.09327943866770783,2022-03-17
XYO Network,XYO,-0.1431771674494783,-0.36277072740041194,-0.31721526988678783,-0.3435551958229251,-0.10297849928332704,-0.09339028715848306,2022-03-17
Boba Network,BOBA,-0.14290141974604315,-0.17639792244072117,0.5800965239370809,0.6050924604314122,-0.10200513678632916,-0.09340564874129782,2022-03-17
Ocean Protocol,OCEAN,-0.14307906875301094,-0.3254961664084738,-0.5203802043374738,-0.0725130083216863,-0.10000434340794134,-0.09345491052290902,2022-03-17
Unibright,UBT,-0.14288832606109664,-0.36277072740041194,1.8837381866623284,3.1319051116526424,-0.10421341842804188,-0.09346863391635156,2022-03-17
Mdex,MDX,-0.1431301441627941,-0.3254961664084738,0.22455788864837917,0.08486632635645303,-0.1009668432941159,-0.09348978134667277,2022-03-17
LUKSO Token,LYXE,-0.14031978153075816,-0.43731984938428825,-0.28335444747834154,-0.3260686030809097,-0.10387826838943896,-0.09352858125251853,2022-03-17
Mask Network,MASK,-0.14226201146448902,-0.28822160541653563,0.3261403558737229,-0.14683102747525148,-0.07841467640064649,-0.09354635124883748,2022-03-17
DAO Maker,DAO,-0.1427028321910212,-0.17639792244072117,-0.31721526988678783,-0.3260686030809097,-0.10381214268102038,-0.0935634473943885,2022-03-17
Origin Protocol,OGN,-0.14309005391822488,-0.8473400202956078,-1.1298750076895383,2.03024976890567,-0.06723888651751055,-0.09357482116102682,2022-03-17
UFO Gaming,UFO,-0.14318075004042338,-0.10184880045684858,-0.31721526988678783,-0.3479268440084285,-0.10275822548638058,-0.09364997839191072,2022-03-17
Ardor,ARDR,-0.14313832226018358,-0.5118689713681646,-0.2664240362741159,-0.29109541759687874,-0.10294270102159712,-0.09366347544998273,2022-03-17
Pundi X,PUNDIX,-0.14301797863829646,-0.36277072740041194,-0.2664240362741159,-0.31732530670990194,-0.10327834656170148,-0.0937011030674927,2022-03-17
Civic,CVC,-0.14311830136121614,-0.40004528839235004,0.7324702247750984,0.08923797454195688,-0.08235589860545128,-0.09372332370359993,2022-03-17
GMX,GMX,-0.1376224824317791,-0.2509470444245975,1.6128516073947445,-0.0419114710231593,-0.10361330122699842,-0.09376714620305532,2022-03-17
Interest Bearing Bitcoin,IBBTC,8.772267865044817,0.34544593144641295,-0.012467868210756397,0.12421116002598775,-0.10476090158923711,-0.09378263330270775,2022-03-17
Kyber Network Crystal Legacy,KNCL,-0.14251952060177023,0.19634768747866033,-0.5881018491543712,-0.24300728755633635,-0.07496838915095277,-0.0938478176000927,2022-03-17
MX Token,MX,-0.14277266517740256,-0.40004528839235004,-0.3002848586825639,-0.12497278654773218,-0.10462644919605246,-0.09385869671676259,2022-03-17
Coinmetro,XCM,-0.1430469259387481,-0.2509470444245975,-0.3002848586825639,-0.2080341020723055,-0.10474887085990345,-0.09389620868097513,2022-03-17
Conflux,CFX,-0.14315480568193467,-0.40004528839235004,-0.02939827941498038,-0.3435551958229251,-0.10277250586140083,-0.09389858781949183,2022-03-17
Yoshi.exchange,YOSHI,-0.14287523237615013,-0.3254961664084738,0.44465323430329085,1.1209469463208677,-0.10415551108505298,-0.0939462140420082,2022-03-17
Wonderland,TIME,-0.09934091220986108,-0.28822160541653563,-0.046328690619204305,-0.33918354763742126,-0.10434780662714026,-0.09400198715423919,2022-03-17
MiL.k Alliance,MLK,-0.14300310792207466,-0.40004528839235004,-0.4018673259079077,-0.12060113836222831,-0.10133156755912949,-0.094013628814631,2022-03-17
XSGD,XSGD,-0.1430198846423685,-0.36277072740041194,-0.3510760922952358,-0.09437124924920516,-0.10396216038212393,-0.09402819518567848,2022-03-17
Divi,DIVI,-0.1431665988158374,0.3081713704544748,0.20762747744415516,-0.13808773110424374,-0.10468853803525258,-0.09402882274356408,2022-03-17
JOE,JOE,-0.1429664004310114,-0.7727908983117316,1.4943387289651753,-0.24737893574184022,-0.08739420861851899,-0.09403265426865724,2022-03-17
Radicle,RAD,-0.14223582409459604,-0.36277072740041194,-0.774336372400835,-0.3872716776779637,-0.10192754386101233,-0.09407690013756342,2022-03-17
SuperFarm,SUPER,-0.14304710052121405,-0.43731984938428825,-0.19870239145722005,-0.37415673312145215,-0.09975421193017739,-0.09414238670642755,2022-03-17
Pundi X [OLD],NPXS,-0.1431805904128726,-0.17639792244072117,3.4921272510636054,-0.3479268440084285,-0.10476090887133305,-0.09417137065372978,2022-03-17
Aragon,ANT,-0.14217690251233678,-0.17639792244072117,-0.5203802043374738,-0.24300728755633635,-0.09738848296462868,-0.09417332208283795,2022-03-17
Reserve Rights Token,RSR,-0.14317785145882386,-0.4745944103762264,-1.0282925404641945,-0.03316817465215114,-0.08206872449386195,-0.09417355733484888,2022-03-17
Moonriver,MOVR,-0.13192891176087587,-0.3254961664084738,0.5800965239370809,-0.378528381306956,-0.09778122064444707,-0.0941776868703718,2022-03-17
BTSE Token,BTSE,-0.1413323598332875,0.2708968094625367,-0.28335444747834154,0.2815904947041266,-0.104695969832827,-0.09425729892318507,2022-03-17
Ergo,ERG,-0.14246932814280863,-0.5864180933520409,-0.36800650349945974,-0.08562795287819745,-0.10422535251102197,-0.09429796785154797,2022-03-17
Rari Governance Token,RGT,-0.13987459624257717,-0.36277072740041194,-0.13098074664032416,-0.3829000294924599,-0.10472246883265515,-0.09430341999576028,2022-03-17
Request,REQ,-0.14313291478652876,-0.43731984938428825,-0.3002848586825639,0.3034487356316459,-0.10052509047528346,-0.09430424069491561,2022-03-17
Cartesi,CTSI,-0.14311048988700514,-0.2509470444245975,0.15683624383148334,-0.10311454562021288,-0.09852652558499435,-0.0943605009871272,2022-03-17
Aurora,AURORA,-0.14157677528562218,-0.40004528839235004,0.8171222807962181,-0.4047582704199792,-0.10429128212118724,-0.09436616084434604,2022-03-17
Veritaseum,VERI,-0.12622879424749944,-2.7483426308844536,0.13990583262725934,1.3307860592250524,-0.10473977621076139,-0.09438143986275312,2022-03-17
Power Cash,PRCH,-0.14318062506343807,-0.21367248343265932,0.5631661127328587,-0.25175058392734406,-0.10471791906319926,-0.09441751159227081,2022-03-17
MMFinance,MMF,-0.14291887799263847,-0.43731984938428825,1.1388000936764735,1.5624834130567573,-0.08797998092422966,-0.09443141844756221,2022-03-17
sBTC,SBTC,8.742222222654249,-0.36277072740041194,-0.31721526988678783,-0.2255206948143205,-0.10382566077392097,-0.09443321511114798,2022-03-17
Numeraire,NMR,-0.1370987350339191,-0.36277072740041194,-0.5542410267459235,-0.2604938802983518,-0.10337305114384386,-0.0944405412491017,2022-03-17
Alchemy Pay,ACH,-0.14317202151688416,-0.17639792244072117,-0.6219626715628193,-0.29983871396788647,-0.10228822545722878,-0.09444550700241663,2022-03-17
FEG Token BSC,FEG,-0.14318075169071892,0.5690932973980419,-0.791266783605059,-0.15994597203176303,-0.10466416131873897,-0.09448047664570242,2022-03-17
inSure DeFi,SURE,-0.14317940718040317,-0.139123361448783,0.10604501021881138,0.4739430148662964,-0.10434165399913321,-0.0944884233976094,2022-03-17
Multichain,MULTI,-0.14124943316195968,-0.40004528839235004,-0.9605708956472987,-1.1654250546976503,-0.10445723996422775,-0.094502165176691,2022-03-17
Bifrost,BFC,-0.14314804999518652,-0.36277072740041194,-0.31721526988678783,-0.2167773984433132,-0.10407426442518265,-0.09458511544607046,2022-03-17
Ion,ION,1.4707010269167453,-1.7419294841021233,0.4107924118948429,-0.7107736434052493,-0.1046106424444246,-0.09463196726231381,2022-03-17
World Mobile Token,WMT,-0.1430348505060343,-0.3254961664084738,-0.02939827941498038,-0.3479268440084285,-0.10437750916922871,-0.09465644617569105,2022-03-17
Poollotto.finance,PLT,-0.13925919305009163,0.19634768747866033,-0.046328690619204305,0.05426478905792601,-0.10450796017936677,-0.09466046563410466,2022-03-17
Mango,MNGO,-0.14314799107360424,-0.3254961664084738,-0.14791115784454817,-0.17743256477377847,-0.10458404086454896,-0.09466910054548863,2022-03-17
AscendEx Token,ASD,-0.143135141585882,-0.43731984938428825,-0.4187977371121317,-0.3085820103388942,-0.10403857526802619,-0.09468464416980246,2022-03-17
Reef Finance,REEF,-0.14317890004221046,-0.28822160541653563,-0.31721526988678783,-0.19929080570129776,-0.0992782666079555,-0.09469922503367842,2022-03-17
Storj,STORJ,-0.1429494299241803,-0.2509470444245975,0.07218418781036176,0.22913071647808037,-0.09649790945295006,-0.09474941267293552,2022-03-17
FEG Token,FEG,-0.14318075169075842,-0.8100654593036698,-0.31721526988678783,-0.09874289743470901,-0.10454596699314377,-0.09476353978765666,2022-03-17
Tokamak Network,TON,-0.1423885837523052,-0.3254961664084738,-0.09711992423187626,-0.31732530670990194,-0.10361097958316755,-0.09476589964623998,2022-03-17
BNB48 Club Token,KOGE,-0.1267350833987641,-6.466105600944445e-17,0.0,0.0,0.0,-0.09480303845299735,2022-03-17
Akash Network,AKT,-0.14293197167758498,0.12179856549478403,0.2584187110568271,-0.08125630469269358,-0.1042225560266886,-0.09480378700364352,2022-03-17
Origin Dollar,OUSD,-0.14296323044988585,-0.40004528839235004,-0.3510760922952358,-0.12497278654773218,-0.1046226468472959,-0.09480642559272325,2022-03-17
Verge,XVG,-0.14317876159218054,-0.36277072740041194,-0.4187977371121317,-0.702030347034241,-0.10331612356717422,-0.09481462716590505,2022-03-17
VeThor Token,VTHO,-0.14318003665996165,-0.43731984938428825,-0.232563213865668,-0.011309933724631847,-0.10284784601288335,-0.09483975333794567,2022-03-17
Merit Circle,MC,-0.14271810815679215,-0.40004528839235004,-0.14791115784454817,0.049893140872422186,-0.10148035973676822,-0.09484495828868764,2022-03-17
USDX,USDX,-0.142968593841468,-0.10184880045684858,-0.3002848586825639,-0.0899996010637013,-0.10453245759961115,-0.09486440984765317,2022-03-17
Band Protocol,BAND,-0.1424016774372517,-0.3254961664084738,-0.6050322603585953,-0.29109541759687874,-0.09942978096282605,-0.09486576146830232,2022-03-17
aelf,ELF,-0.1431107626721082,-0.40004528839235004,-0.28335444747834154,-0.2692371766693595,-0.10233970795448745,-0.09488029446112954,2022-03-17
Biconomy,BICO,-0.14289923746521874,-0.5864180933520409,-0.7066147275839392,-0.10311454562021288,-0.09373060678702638,-0.09488716369359557,2022-03-17
OriginTrail,TRAC,-0.1430927112815848,-0.7355163373197935,-0.3002848586825639,-0.5096778268720717,-0.10416692175605934,-0.09488891543204328,2022-03-17
Beldex,BDX,-0.1431593427499475,-0.17639792244072117,-0.8928492508304011,1.5493684685002453,-0.10466386517775383,-0.09490359390551367,2022-03-17
Orchid Protocol,OXT,-0.14312719175506672,-0.36277072740041194,0.1906970662399313,0.15918434551001862,-0.09866125849654911,-0.09495395535350157,2022-03-17
StarLink,STARL,-0.14318074853201757,-0.28822160541653563,-0.3510760922952358,-0.20366245388680163,-0.10258010121474008,-0.0949737338822511,2022-03-17
GPEX,GPX,-0.14235803182076337,-0.43731984938428825,-0.6896843163797152,-0.3697850849359483,-0.10470159723649199,-0.09497916430037207,2022-03-17
Kishu Inu,KISHU,-0.14318075169124464,-0.36277072740041194,-1.0621533628726427,0.21601577192156876,-0.10261247700011543,-0.09499485469416498,2022-03-17
Beta Finance,BETA,-0.14309560542241412,-0.3254961664084738,-0.28335444747834154,-0.4834479377590486,-0.09888966185287709,-0.09507861753514259,2022-03-17
Ark,ARK,-0.1429941562061329,-0.0645742394649067,0.0044625429934675885,-0.33481189945191736,-0.10396756993911563,-0.0951009146597167,2022-03-17
TrueFi,TRU,-0.14313389070251345,3.178312566833713,2.882632447711541,0.9548243152717208,-0.0996504027344919,-0.09514954286010704,2022-03-17
STASIS EURO,EURS,-0.1429385185200582,-0.40004528839235004,-0.31721526988678783,-0.09874289743470901,-0.10273815205723,-0.09514959864829077,2022-03-17
Acala,ACA,-0.14294506536253146,-0.28822160541653563,-0.6388930827670416,-0.33918354763742126,-0.10155801754487129,-0.09516040535342374,2022-03-17
Keep3rV1,KP3R,-0.06428475304643096,-0.2509470444245975,-0.3510760922952358,-0.24300728755633635,-0.09783139062456106,-0.09520464951264962,2022-03-17
Magic,MAGIC,-0.14260026499227363,-0.43731984938428825,-1.1637358300979863,-0.33918354763742126,-0.10309959919782909,-0.09520560333014431,2022-03-17
Hxro,HXRO,-0.14311435012355547,-0.36277072740041194,-0.4526585595205796,-0.3916433258634676,-0.10473630766400388,-0.09525708101525657,2022-03-17
Sperax,SPA,-0.14314359966990128,-0.5118689713681646,0.0383233654019155,-0.2167773984433132,-0.10443160038946173,-0.09525943945349008,2022-03-17
MaidSafeCoin,MAID,-0.14311632552415773,-0.3254961664084738,-0.3849369147036837,-0.39601497404897146,-0.10475925007584576,-0.09526089078795559,2022-03-17
flexUSD,FLEXUSD,-0.1429625236091268,-0.36277072740041194,-0.48651938192902755,-0.09437124924920516,-0.10464874857598609,-0.09528560605806027,2022-03-17
Prometeus,PROM,-0.14142401562791304,-0.40004528839235004,-0.21563280266144402,-0.2386356393708325,-0.1044396110574808,-0.0952924363098152,2022-03-17
Iron Bank EURO,IBEUR,-0.14294070080088264,-0.36277072740041194,-0.13098074664032416,-0.08125630469269358,-0.10474107735348241,-0.0952983141644252,2022-03-17
Qredo,QRDO,-0.1426111763963957,-0.36277072740041194,0.07218418781036176,0.001805010831879726,-0.09869942951089682,-0.09532616451477224,2022-03-17
Bezoge Earth,BEZOGE,-0.14318075169091726,-0.5118689713681646,-0.774336372400835,-0.8768962744543959,-0.1046981878091894,-0.0953361817158399,2022-03-17
Victoria VR,VR,-0.143147095683782,0.009974882518969604,0.7324702247750984,0.4695713666807926,-0.1011222828763158,-0.09535352576503617,2022-03-17
Polkastarter,POLS,-0.1428599564103792,0.3081713704544748,-1.1129445964853146,0.7624717951095511,-0.09227082746606892,-0.09536107032122544,2022-03-17
DUSK Network,DUSK,-0.1431102967551522,-1.2573601912069274,-0.5203802043374738,-0.5752525496546296,-0.10087139854074752,-0.09536154698009644,2022-03-17
iExec RLC,RLC,-0.14278575886234907,-0.21367248343265932,-0.4187977371121317,-0.05939806376517429,-0.10320192551374689,-0.0953622729366597,2022-03-17
RMRK,RMRK,-0.1402106674895373,-0.5864180933520409,-0.4526585595205796,-0.40912991860548303,-0.10363009281957686,-0.0953718289448875,2022-03-17
THORChain (ERC20),RUNE,-0.14143929159368393,-0.2509470444245975,1.6636428410074167,2.4499279947140407,-0.10388701777878939,-0.09537238761580792,2022-03-17
Metadium,META,-0.14316413588378857,-0.43731984938428825,-0.6050322603585953,-0.08562795287819745,-0.10117366605578998,-0.0953933457713672,2022-03-17
StormX,STMX,-0.14317774071155015,-0.28822160541653563,-0.6388930827670416,-0.5402793641705987,-0.10409351213932204,-0.09539874817703382,2022-03-17
Stratis,STRAX,-0.1429742599154005,-0.4745944103762264,-0.1817719802529961,-0.2779804730403672,-0.09953876954472532,-0.09540605285192394,2022-03-17
STP Network,STPT,-0.14316154919233248,-0.36277072740041194,-0.13098074664032416,-0.30421036215339037,-0.10211664311031263,-0.09540996299600867,2022-03-17
Steem,STEEM,-0.14311047090116197,-0.21367248343265932,-0.0632591018234283,-0.15120267566075535,-0.10321533377712669,-0.0954279828686809,2022-03-17
DEAPCOIN,DEP,-0.14317483734331013,-0.6609672153359171,-0.7066147275839392,-0.7982066071153264,-0.10290501173475157,-0.09545458283775603,2022-03-17
Meerkat Shares,MSHARE,2.9428523951024905,-0.3254961664084738,1.1388000936764735,4.552690771941396,-0.1016485206947508,-0.09545801014181787,2022-03-17
RSK Infrastructure Framework,RIF,-0.14314771523330805,-0.43731984938428825,-0.232563213865668,-0.40912991860548303,-0.104687175496742,-0.09547024590296674,2022-03-17
Dawn Protocol,DAWN,-0.1428053993897688,-0.3254961664084738,-0.1648415690487738,-0.07688465650718974,-0.10328917473752654,-0.09548613422513424,2022-03-17
Alpha Finance,ALPHA,-0.14311964259101081,-0.2509470444245975,-0.33414568109101184,-0.11622949017672446,-0.10268562817312886,-0.09548686907203513,2022-03-17
NKN,NKN,-0.14313887765065342,-0.17639792244072117,-0.4526585595205796,-0.16431762021726648,-0.10263358311674052,-0.09549168058588314,2022-03-17
Decentral Games,DG,-0.1431102740594316,-0.7355163373197935,0.5970269351413064,-0.06814136013618201,-0.10428813041266119,-0.09549186060206862,2022-03-17
Balancer,BAL,-0.14066676418184043,-0.36277072740041194,-0.3002848586825639,-0.2692371766693595,-0.1015378426230942,-0.09550081361920172,2022-03-17
Strike,STRK,-0.13453237278440502,-0.28822160541653563,0.3430707670779469,-0.14683102747525148,-0.07917510048027719,-0.09551223791346895,2022-03-17
Alien Worlds,TLM,-0.1431591074313461,-0.0645742394649067,0.07218418781036176,-0.18617586114478618,-0.08535775109365767,-0.09553647152717559,2022-03-17
Dero,DERO,-0.14079551875048102,-0.3254961664084738,-0.28335444747834154,-0.7938349589298226,-0.10455600751369255,-0.0955415005912676,2022-03-17
Sun Token,SUN,-0.14317821985097667,-0.36277072740041194,-0.4018673259079077,-0.2167773984433132,-0.09750103719998061,-0.09556469945384384,2022-03-17
Tomb Shares,TSHARE,0.5370623686490148,-0.9218891422794842,0.7832614583877703,-1.6157048178045477,-0.09930404247281993,-0.0955648744198967,2022-03-17
GXChain,GXC,-0.14282722219801297,-0.5864180933520409,-0.5711714379501475,-0.30421036215339037,-0.10075881168276564,-0.09556506579888055,2022-03-17
Ankr Reward-Bearing Staked ETH,AETHC,0.34886028807049285,-0.17639792244072117,0.05525377660613948,-0.25612223211284796,-0.10472457371723375,-0.09560009025714741,2022-03-17
Spookyswap,BOO,-0.14025431310602568,-0.5491435323601027,0.05525377660613948,-0.4222448631619945,-0.10366265419146921,-0.09560047409352886,2022-03-17
Maple,MPL,-0.13737152013697118,-0.9591637032714223,0.4107924118948429,0.8411614624486206,-0.10258221443621299,-0.09560391591672196,2022-03-17
Kirobo,KIRO,-0.14315340029308374,-0.027299678472968582,-0.5373106155416995,-0.5490226605416064,-0.10474016919021115,-0.09561952427216268,2022-03-17
BENQI Liquid Staked AVAX,SAVAX,-0.1257683329935475,-0.36277072740041194,1.2065217384933695,0.023663251759398582,-0.10434952873952753,-0.09562812220184637,2022-03-17
sETH2,SETH2,0.4717881669098865,-0.17639792244072117,0.07218418781036176,0.049893140872422186,-0.10441476240025405,-0.09564447516251713,2022-03-17
Aavegotchi,GHST,-0.1427573892116316,-0.40004528839235004,-0.4018673259079077,-0.13808773110424374,-0.09426664553091693,-0.09568038823370188,2022-03-17
FUNToken,FUN,-0.14317833530766347,-0.6236926543439753,-0.19870239145722005,-0.1555743238462592,-0.10445724612628006,-0.09568374570389866,2022-03-17
agEUR,AGEUR,-0.1429385185200582,-0.2509470444245975,-0.21563280266144402,-0.08125630469269358,-0.10398981603542035,-0.09572734476128865,2022-03-17
Alchemix,ALCX,-0.12202790366049726,-0.40004528839235004,-0.012467868210756397,-0.7326318843327685,-0.10223238022692588,-0.0957519791503632,2022-03-17
Hoo Token,HOO,-0.14287741465697457,-0.5118689713681646,0.1906970662399313,0.15481269732451475,-0.10156064656637094,-0.09576502900867111,2022-03-17
Beefy.Finance,BIFI,0.17606074555070408,-0.5118689713681646,-0.31721526988678783,-0.5096778268720717,-0.1042528330895377,-0.09576761401900014,2022-03-17
Alpine F1 Team Fan Token,ALPINE,-0.14099847086715175,-0.28822160541653563,2.0022510650918957,4.063066175164964,-0.022602355444360116,-0.09577538128077714,2022-03-17
DODO,DODO,-0.14309454898026705,-0.4745944103762264,-0.24949362506989198,-0.24737893574184022,-0.09579823233500787,-0.09578372425767215,2022-03-17
Hathor,HTR,-0.1430734530897655,-0.3254961664084738,0.07218418781036176,-0.31732530670990194,-0.10284161074088045,-0.09582448940158245,2022-03-17
TitanSwap,TITAN,-0.1429363362392338,-1.0337128252552987,-0.5373106155416995,-0.2692371766693595,-0.10475321583173805,-0.09583493407533365,2022-03-17
PlatON Network,LAT,-0.14317062156920085,-0.17639792244072117,-0.02939827941498038,-0.3085820103388942,-0.10382006128072827,-0.09583711607455897,2022-03-17
Phantasma,SOUL,-0.14294724764335587,-0.17639792244072117,-0.5542410267459235,-0.5621376050981179,-0.1036980421330092,-0.09584209729390503,2022-03-17
Tornado Cash,TORN,-0.13286292795372626,-0.43731984938428825,-0.5711714379501475,-0.29546706578238263,-0.10212491584679223,-0.0958473559286088,2022-03-17
Klever,KLV,-0.14317618403812632,-0.43731984938428825,-0.5711714379501475,-0.03753982283765501,-0.10352633726999393,-0.09585993799208056,2022-03-17
JasmyCoin,JASMY,-0.14317570438642313,-0.9591637032714223,1.2573129721060414,2.8914644614499307,0.1336120269032374,-0.09586706288751018,2022-03-17
BTC Standard Hashrate Token,BTCST,-0.13988987220834806,-0.10184880045684858,-0.6558234939712673,-0.5053061786865679,-0.10362050865337359,-0.0958833042718135,2022-03-17
KardiaChain,KAI,-0.14317363705942537,-0.43731984938428825,-0.6558234939712673,-0.3697850849359483,-0.1037144969875519,-0.09589911276506183,2022-03-17
My Neighbor Alice,ALICE,-0.1418124616146592,-0.3254961664084738,0.15683624383148334,-0.17306091658827463,-0.06852739956858861,-0.09590049868452832,2022-03-17
Proton,XPR,-0.1431783367542913,-0.43731984938428825,-0.2664240362741159,-0.5490226605416064,-0.10161293266774718,-0.095903109576787,2022-03-17
Utrust,UTK,-0.14312903098134555,-0.40004528839235004,-0.14791115784454817,-0.3260686030809097,-0.10178937796136667,-0.09590509475235423,2022-03-17
Kava Swap,SWP,-0.14278357658152463,-0.8100654593036698,-0.2664240362741159,-0.10311454562021288,-0.1040438162747632,-0.09590663033460496,2022-03-17
Regen,REGEN,-0.1429901368813105,-0.43731984938428825,-0.1817719802529961,-0.2779804730403672,-0.1046947740322028,-0.09593628689644473,2022-03-17
BakerySwap,BAKE,-0.14305855531326145,-0.28822160541653563,-0.046328690619204305,-0.17306091658827463,-0.09915547502885413,-0.09594095963685695,2022-03-17
Hydra,HYDRA,-0.1411599596481586,-0.21367248343265932,0.2753491222610511,0.14169775276800275,-0.10444161952406422,-0.09594676923576835,2022-03-17
Venus,XVS,-0.14124725088113527,-0.2509470444245975,0.2753491222610511,-0.14683102747525148,-0.0990603923866781,-0.09596428354282092,2022-03-17
CRYPTO20,C20,-0.1424802395469307,-0.17639792244072117,1.1895913272891454,-0.16431762021726648,-0.10467357874705588,-0.09596533788951797,2022-03-17
Pylon Protocol,MINE,-0.14316878830538396,-0.43731984938428825,0.021392954197691574,0.4127399402692424,-0.10466963720841156,-0.09597001578527391,2022-03-17
QuarkChain,QKC,-0.14317725402704262,-0.0645742394649067,0.07218418781036176,-0.2386356393708325,-0.10392529499792123,-0.09597241878040663,2022-03-17
Orion Protocol,ORN,-0.14251297375929697,-0.2509470444245975,-0.6050322603585953,-0.4266165113474984,-0.10126235321260273,-0.09601698025629843,2022-03-17
Seedify.fund,SFUND,-0.14222709497129837,-0.43731984938428825,-0.1817719802529961,-0.8375514407848612,-0.10364466716074024,-0.09602318410748979,2022-03-17
TomoChain,TOMO,-0.14292106027346288,-0.10184880045684858,-0.14791115784454817,-0.2255206948143205,-0.10402610182423107,-0.09602493873924264,2022-03-17
Ellipsis,EPS,-0.14314441627938576,-0.40004528839235004,-0.19870239145722005,-0.22989234299982433,-0.10271565766646405,-0.09602944432552589,2022-03-17
Railgun,RAIL,-0.14278575886234907,-0.40004528839235004,-0.046328690619204305,-0.8681529780833881,-0.10459106814151212,-0.0960341018892375,2022-03-17
Decentral Games Governance,XDG,-0.1431069842710888,0.12179856549478403,0.4785140567117387,-0.046283119208662724,-0.10470855745582693,-0.09603929766031133,2022-03-17
Hermez Network,HEZ,-0.14183428442290338,-0.28822160541653563,-0.14791115784454817,-0.046283119208662724,-0.10473736261098619,-0.09605839273778041,2022-03-17
AIOZ Network,AIOZ,-0.1431339284559717,-0.8100654593036698,-2.010256390309185,-0.5708809014691257,-0.10277093635042696,-0.09606184003195052,2022-03-17
ICHI,ICHI,-0.1381571412337612,-0.17639792244072117,-0.11405033543610019,0.36902345841420386,-0.10452205786765933,-0.09612181277659722,2022-03-17
sETH,SETH,0.4724428511572115,-0.139123361448783,0.2584187110568271,0.041149844501414456,-0.10357392643760586,-0.09614035460151733,2022-03-17
Bitcoin Diamond,BCD,-0.14306524574981294,0.19634768747866033,0.08911459901458575,-0.28235212122587067,-0.09977483378198466,-0.0961634157690715,2022-03-17
Metal,MTL,-0.14284904500625714,-0.21367248343265932,-0.4187977371121317,-0.29546706578238263,-0.1009926985407132,-0.0961933888321912,2022-03-17
Dopex Rebate Token,RDPX,-0.12009440285006405,-0.8473400202956078,0.4785140567117387,0.2990770874461421,-0.10404786111840233,-0.09620085450636116,2022-03-17
Wilder World,WILD,-0.14292542483511173,-0.8100654593036698,-0.33414568109101184,-0.8812679226398997,-0.10326635158314551,-0.09620413364689688,2022-03-17
cBAT,CBAT,-0.1431777209786374,-6.466105600944445e-17,0.0,0.0,0.0,-0.09623456435198194,2022-03-17
Wrapped Centrifuge,WCFG,-0.14307577612770306,-0.4745944103762264,-0.5711714379501475,-0.29109541759687874,-0.10413581499098873,-0.09625117052945831,2022-03-17
Bounce,AUCTION,-0.14031759924993376,-0.28822160541653563,-0.36800650349945974,-0.10311454562021288,-0.10416743791855974,-0.09628646887851117,2022-03-17
Augur,REP,-0.1402215788936594,-0.3254961664084738,-0.232563213865668,-0.28235212122587067,-0.10262477101944588,-0.09629203275690756,2022-03-17
sUSD,SUSD,-0.14296307005224526,-0.3254961664084738,-0.33414568109101184,-0.11622949017672446,-0.10133927954884776,-0.09629662574730892,2022-03-17
Electroneum,ETN,-0.14317961380460975,-0.139123361448783,0.021392954197691574,-0.3216969548954058,-0.10469337887106228,-0.09631787473264065,2022-03-17
KeeperDAO,ROOK,-0.11791866886812058,-0.0645742394649067,0.7832614583877703,-0.5621376050981179,-0.10452539806249171,-0.09632352769853271,2022-03-17
Dvision Network,DVI,-0.14309766222209114,-0.0645742394649067,1.1388000936764735,-0.5752525496546296,-0.10387822235528338,-0.09634289740326546,2022-03-17
cUNI,CUNI,-0.1431399890862773,-0.28822160541653563,-0.0632591018234283,-0.046283119208662724,-0.10446529811629707,-0.09637140666440475,2022-03-17
Wanchain,WAN,-0.14307760858891133,-0.3254961664084738,-0.4018673259079077,-0.0899996010637013,-0.10270288518189447,-0.09637363832326744,2022-03-17
IDEX,IDEX,-0.14314972576863158,-0.21367248343265932,-0.43572814831635565,-0.3435551958229251,-0.10046524933528635,-0.09638933163666828,2022-03-17
Verasity,VRA,-0.14317634061489348,-0.0645742394649067,-0.9097796620346268,-0.5971107905821489,-0.08456950317294952,-0.0963959670111704,2022-03-17
Neutrino System Base Token,NSBT,-0.13537909774427873,-0.40004528839235004,-0.24949362506989198,0.7187553132545125,-0.10468654986719444,-0.09639780397060597,2022-03-17
Everipedia,IQ,-0.14317879143048468,-0.5491435323601027,-0.46958897072480354,-0.12497278654773218,-0.10373109030703502,-0.09640650558582489,2022-03-17
HUNT,HUNT,-0.14300152118568724,-0.40004528839235004,0.7663310471835463,-0.07688465650718974,-0.06689065262945892,-0.09640951012539972,2022-03-17
Somnium Space CUBEs,CUBE,-0.14167716020354537,0.04724944351090773,2.527093812422839,0.7712150914805589,-0.1046245958681981,-0.09641555355597227,2022-03-17
bZx Protocol,BZRX,-0.1431670449800756,-26.604061665724874,-11.338912963836592,-2.1315593036940026,-0.10476206527831922,-0.09643471617896507,2022-03-17
AllianceBlock,ALBT,-0.14313059480378434,-0.4745944103762264,0.24148829985260314,0.12858280821149162,-0.1046242928402133,-0.09643520291179852,2022-03-17
ZoidPay,ZPAY,-0.14311442148413842,-0.5118689713681646,-0.7066147275839392,0.8236748697066051,-0.10455158171023043,-0.09643647551891447,2022-03-17
Ampleforth,AMPL,-0.14294724764335587,-0.36277072740041194,-1.2314574749148823,0.3515368656721884,-0.10426943909559913,-0.09646004888038737,2022-03-17
Bonfida,FIDA,-0.14282067535553972,-0.43731984938428825,0.021392954197691574,-0.4659613450170331,-0.10209506179071139,-0.09646726241616548,2022-03-17
Avalaunch,XAVA,-0.14232529760839713,-0.43731984938428825,0.17376665503570732,-0.2080341020723055,-0.10428217678269679,-0.09648887398523724,2022-03-17
Adventure Gold,AGLD,-0.1429385185200582,-0.7727908983117316,-0.24949362506989198,0.28596214288963046,-0.08427780502753457,-0.09651529641058766,2022-03-17
Adshares,ADS,-0.14240604199890056,-0.3254961664084738,0.07218418781036176,1.199636613659937,-0.10433110311566267,-0.09652845190083609,2022-03-17
Automata,ATA,-0.143100422807334,-0.21367248343265932,-0.33414568109101184,-0.11622949017672446,-0.10339046727854885,-0.09657466085097934,2022-03-17
Gains Farm,GFARM2,0.3654608983018308,-0.36277072740041194,0.10604501021881138,0.3427935693011807,-0.10471187553976569,-0.0965781375516508,2022-03-17
Crabada,CRA,-0.14297176906006753,0.60636785838998,0.6816789911624264,0.041149844501414456,-0.10389467467251041,-0.09658478939168946,2022-03-17
CertiK,CTK,-0.14292542483511173,-0.43731984938428825,-0.4526585595205796,-0.1424593792897476,-0.10311668511902433,-0.09659453501661523,2022-03-17
Celo Dollar,CUSD,-0.1429625236091268,-0.40004528839235004,-0.31721526988678783,-0.08562795287819745,-0.10371432698740253,-0.09660025347641461,2022-03-17
Propy,PRO,-0.1428686855336769,-0.5491435323601027,1.0710784488595775,-0.6758004579212185,-0.10436594698422996,-0.09660473675794548,2022-03-17
Swarm,BZZ,-0.14290578430769196,-0.28822160541653563,0.4785140567117387,-0.16431762021726648,-0.1043449920191236,-0.09661864153531774,2022-03-17
Clover Finance,CLV,-0.1431122854676675,-0.4745944103762264,0.07218418781036176,-0.16431762021726648,-0.10110807499602877,-0.09662224817169292,2022-03-17
Covalent,CQT,-0.14311103807594824,-0.36277072740041194,0.20762747744415516,-0.5402793641705987,-0.10406231004367728,-0.0966266179041483,2022-03-17
chrono.tech,TIME,-0.11838785924537017,0.08452400450284592,-1.0113621292599706,-1.1260802210281153,-0.10470735331830841,-0.09665503413237585,2022-03-17
Biswap,BSW,-0.14310307253271104,-0.28822160541653563,-0.43572814831635565,0.15044104913901046,-0.1029746679366772,-0.09666243452306067,2022-03-17
Gitcoin,GTC,-0.14194776302577303,-0.21367248343265932,-0.4526585595205796,-0.5490226605416064,-0.10191706365990666,-0.09666326319195652,2022-03-17
DFI.money,YFII,0.2973628251759072,-0.3254961664084738,-0.6388930827670416,-0.10748619380571675,-0.10065605656050094,-0.09666583439332918,2022-03-17
Redacted Cartel,BTRFLY,-0.11481328325497558,-0.40004528839235004,1.9683902426834483,-1.0299039609470308,-0.10396614686750283,-0.09666860454888461,2022-03-17
SafePal,SFP,-0.14301923104926162,-0.43731984938428825,-0.1817719802529961,-0.1818042129592823,-0.10161971455003843,-0.0966687129426164,2022-03-17
Platypus Finance,PTP,-0.14227728743025997,-0.17639792244072117,-2.687472838478144,-1.6506780032885786,-0.10285952418945522,-0.09668514744188667,2022-03-17
BENQI,QI,-0.1431696780747928,-0.36277072740041194,0.0044625429934675885,-0.31295365852439805,-0.10166989032973109,-0.09668619160941017,2022-03-17
Aergo,AERGO,-0.1431330734383447,-0.5118689713681646,-0.19870239145722005,-0.6670571615502107,-0.1021261120098901,-0.09669136173527931,2022-03-17
Enzyme,MLN,-0.13133751365745897,-0.17639792244072117,-0.3002848586825639,0.041149844501414456,-0.10290826239858844,-0.09669969979355558,2022-03-17
Nerve Finance,NRV,-0.1431767214550327,-0.9218891422794842,0.5631661127328587,-0.2779804730403672,-0.10475259390667134,-0.09672994430130327,2022-03-17
Rai Reflex Index,RAI,-0.1425173383209458,-0.2509470444245975,-0.3510760922952358,-0.09437124924920516,-0.10437889744336958,-0.09673338183714421,2022-03-17
Aurory,AURY,-0.14141528650461535,-0.40004528839235004,-0.2664240362741159,-0.08562795287819745,-0.10424063838799175,-0.09675372095691666,2022-03-17
RIZON,ATOLO,-0.14317312384628134,-0.3254961664084738,-0.7066147275839392,-0.3216969548954058,-0.10464066541323382,-0.09679708841838129,2022-03-17
Aave [OLD],LEND,-0.1428599564103792,-0.28822160541653563,0.9356351592257859,0.21164412373606492,-0.1047577880419386,-0.0967979811608347,2022-03-17
mStable USD,MUSD,-0.14296267527764409,-0.36277072740041194,-0.4018673259079077,-0.10311454562021288,-0.10472580975243488,-0.09680992748625812,2022-03-17
DeFi Pulse Index,DPI,-0.10857632465879262,-0.5491435323601027,0.0044625429934675885,-0.05065476739416658,-0.10466615311153377,-0.09681299683586816,2022-03-17
Blox,CDT,-0.14315663465149361,1.6127810051723102,2.1546247659299116,-0.13371608291873946,-0.10470726487473389,-0.09681377321484926,2022-03-17
PlatonCoin,PLTC,-0.14303188064006034,-0.40004528839235004,0.7494006359793223,0.7668434432950545,-0.10469119061754052,-0.096820969680127,2022-03-17
ShapeShift FOX Token,FOX,-0.14312130265203396,-0.3254961664084738,-0.36800650349945974,-0.2255206948143205,-0.1045187020864593,-0.09682611071512807,2022-03-17
Handshake,HNS,-0.1431467116023569,-0.5118689713681646,-0.4187977371121317,-0.8375514407848612,-0.10469986207505275,-0.09682722292792799,2022-03-17
PEAKDEFI,PEAK,-0.14316870613218852,1.1282117122771143,-0.7066147275839392,-0.8681529780833881,-0.10473582219939824,-0.09682728063621421,2022-03-17
Presearch,PRE,-0.14314003382303417,-0.3254961664084738,0.22455788864837917,-0.21240575025780936,-0.10450609488988143,-0.0968284450337178,2022-03-17
SingularityNET,AGIX,-0.14316268386300451,-0.40004528839235004,-0.6558234939712673,-0.4572180486460254,-0.10432289417454829,-0.09684347798967381,2022-03-17
Sai,SAI,-0.1429625236091268,-6.466105600944445e-17,0.0,0.0,0.0,-0.09686420341828847,2022-03-17
Sifchain,EROWAN,-0.1431604567165449,-0.17639792244072117,0.0383233654019155,-0.2386356393708325,-0.10381303581613345,-0.09687136845175125,2022-03-17
Badger DAO,BADGER,-0.14160078037469076,-0.5491435323601027,-0.5881018491543712,-0.4266165113474984,-0.10335069703038667,-0.09687602685715162,2022-03-17
Index Coop - ETH 2x Flexible Leverage Index,ETH2X-FLI,-0.12795061381796421,-0.28822160541653563,0.5462357015286329,0.17229929006653022,-0.10434885997561372,-0.09687892331862796,2022-03-17
Oxygen,OXY,-0.14310325278910713,0.08452400450284592,1.1895913272891454,0.29033379107513435,-0.1045341735499461,-0.09689011572763932,2022-03-17
Hifi Finance,MFT,-0.14317909089277314,-0.4745944103762264,-0.28335444747834154,0.15044104913901046,-0.09988406340887185,-0.09689573489446673,2022-03-17
Vader Protocol,VADER,-0.14317754624917106,-0.0645742394649067,-0.02939827941498038,-1.6900228369581134,-0.10352377023149116,-0.09689962270749632,2022-03-17
MAPS,MAPS,-0.14297454623064468,-0.10184880045684858,2.0191814762961195,0.42585488482575395,-0.10422521404608154,-0.09691707270426639,2022-03-17
Wrapped NXM,WNXM,-0.13742171259593278,-0.2509470444245975,-0.5711714379501475,-0.23426399118532865,-0.10418941977156194,-0.09691811784499252,2022-03-17
Sovryn,SOV,-0.14245623445786212,-0.5864180933520409,-0.8928492508304011,-0.7982066071153264,-0.10449674306929807,-0.09691843516165843,2022-03-17
Netvrk,NTVRK,-0.1428075816705932,-0.6236926543439753,1.562060373782071,-0.22989234299982433,-0.10381827646039678,-0.09692109447732411,2022-03-17
Dock,DOCK,-0.14317340572981987,-0.3254961664084738,-0.2664240362741159,-0.19929080570129776,-0.10389158965913892,-0.09692193379884345,2022-03-17
ShareToken,SHR,-0.1431791438414888,-0.36277072740041194,0.08911459901458575,-0.8681529780833881,-0.10466723147069018,-0.09694811142427595,2022-03-17
TempleDAO,TEMPLE,-0.1430408642173021,-0.3254961664084738,-1.0113621292599706,-0.3216969548954058,-0.10445127872231635,-0.09695031449202328,2022-03-17
cVault.finance,CORE,1.36835642081325,-0.5491435323601027,0.0383233654019155,-0.10311454562021288,-0.10474661516815612,-0.09696422850166922,2022-03-17
GuildFi,GF,-0.14283595132131063,-0.3254961664084738,0.12297542142303536,-0.02005323009563957,-0.10329513561696427,-0.09697119671147393,2022-03-17
ChainX,PCX,-0.14282285763636413,-0.139123361448783,-0.6558234939712673,0.041149844501414456,-0.10457222204819468,-0.09697239001572618,2022-03-17
Loom Network (OLD),LOOMOLD,-0.14316281940985673,-0.17639792244072117,1.325034616922937,-0.024424878281143432,-0.10379890985489493,-0.09697537445998165,2022-03-17
Travala.com,AVA,-0.14289269062274546,-0.28822160541653563,-0.5711714379501475,-0.0899996010637013,-0.10346017930141906,-0.09697865717769463,2022-03-17
Banana,BANANA,-0.13983531518773765,-0.28822160541653563,-3.466271753872446,1.6149431912828032,-0.10456565003815604,-0.09698073680652342,2022-03-17
IRISnet,IRIS,-0.143168656269293,0.23362224847059854,-0.4526585595205796,-0.48781958594455244,-0.10368305529681389,-0.09698396029038929,2022-03-17
Circuits of Value,COVAL,-0.14317246753450688,-0.28822160541653563,-0.6050322603585953,-0.33918354763742126,-0.10462913041376001,-0.09699090332843925,2022-03-17
ARPA Chain,ARPA,-0.14316569321768274,-0.36277072740041194,-0.2664240362741159,-0.26486552848385564,-0.09982020243591855,-0.09699257168709328,2022-03-17
SuperRare,RARE,-0.143079360087501,-0.4745944103762264,-0.1648415690487738,-0.02005323009563957,-0.10135547414729826,-0.09700242536381477,2022-03-17
Verus Coin,VRSC,-0.14296265738294134,1.6127810051723102,0.6308877575497545,-0.6364556242516837,-0.10475473186334722,-0.09700424704133864,2022-03-17
